ID fornecimento,Data,ID Und Reab,Política Pública,Origem das mudas,Finalidade da doação,SomaDequant
11,10-nov.-20,5,Plano de Revit. Bacia Hidr. Alto Descoberto,Granja do Ipê,convencional,230
12,16-out.-20,6,Plano de Revit. Bacia Hidr. Alto Descoberto,Granja do Ipê,convencional,100
13,28-out.-20,7,Plano de Revit. Bacia Hidr. Alto Descoberto,Granja do Ipê,convencional,140
14,28-out.-20,325,Plano de Revit. Bacia Hidr. Alto Descoberto,Granja do Ipê,convencional,125
15,09-out.-18,8,Plano de Revit. Bacia Hidr. Alto Descoberto,Granja do Ipê,convencional,400
16,21-out.-20,9,Plano de Revit. Bacia Hidr. Alto Descoberto,Granja do Ipê,convencional,150
17,27-out.-20,567,Plano de Revit. Bacia Hidr. Alto Descoberto,Granja do Ipê,convencional,100
18,21-out.-20,10,Plano de Revit. Bacia Hidr. Alto Descoberto,Granja do Ipê,convencional,100
19,21-out.-20,11,Plano de Revit. Bacia Hidr. Alto Descoberto,Granja do Ipê,convencional,305
20,29-out.-20,12,Plano de Revit. Bacia Hidr. Alto Descoberto,Granja do Ipê,convencional,150
21,10-mar.-20,13,Plano de Revit. Bacia Hidr. Alto Descoberto,Granja do Ipê,convencional,115
22,09-fev.-20,13,Plano de Revit. Bacia Hidr. Alto Descoberto,Granja do Ipê,convencional,350
23,18-mar.-20,14,Plano de Revit. Bacia Hidr. Alto Descoberto,Granja do Ipê,convencional,170
24,09-mar.-20,16,Plano de Revit. Bacia Hidr. Alto Descoberto,Granja do Ipê,convencional,120
25,05-mar.-18,17,Plano de Revit. Bacia Hidr. Alto Descoberto,Granja do Ipê,convencional,299
26,03-abr.-19,18,Plano de Revit. Bacia Hidr. Alto Descoberto,Granja do Ipê,convencional,400
27,03-dez.-19,19,Plano de Revit. Bacia Hidr. Alto Descoberto,Granja do Ipê,convencional,400
28,06-ago.-14,20,Programa Reflorestar (convencional),Granja do Ipê,convencional,160
29,10-ago.-14,20,Programa Reflorestar (convencional),Casa do Cerrado,convencional,40
30,01-abr.-11,21,Programa Reflorestar (convencional),Casa do Cerrado,convencional,300
31,17-fev.-12,21,Programa Reflorestar (convencional),Casa do Cerrado,convencional,210
32,10-fev.-15,21,Programa Reflorestar (convencional),Casa do Cerrado,convencional,150
33,01-fev.-18,24,Programa Reflorestar (convencional),Granja do Ipê,convencional,200
34,18-jan.-12,25,Programa Reflorestar (convencional),Granja do Ipê,convencional,150
35,28-nov.-12,25,Programa Reflorestar (convencional),Casa do Cerrado,convencional,200
36,15-ago.-12,26,Programa Reflorestar (convencional),Granja do Ipê,convencional,260
37,05-mai.-15,26,Programa Reflorestar (convencional),Granja do Ipê,convencional,150
38,11-fev.-20,27,Plano de Revit. Bacia Hidr. Alto Descoberto,Granja do Ipê,convencional,200
39,14-fev.-20,28,Plano de Revit. Bacia Hidr. Alto Descoberto,Granja do Ipê,convencional,150
40,07-fev.-20,30,Plano de Revit. Bacia Hidr. Alto Descoberto,Granja do Ipê,convencional,450
41,07-fev.-20,29,Plano de Revit. Bacia Hidr. Alto Descoberto,Granja do Ipê,convencional,150
42,12-nov.-20,31,Plano de Revit. Bacia Hidr. Alto Descoberto,Granja do Ipê,convencional,263
43,12-nov.-20,31,Programa Reflorestar (convencional),Granja do Ipê,convencional,50
44,12-nov.-20,32,Plano de Revit. Bacia Hidr. Alto Descoberto,Granja do Ipê,convencional,100
45,17-nov.-20,33,Plano de Revit. Bacia Hidr. Alto Descoberto,Granja do Ipê,convencional,410
46,28-fev.-20,34,Plano de Revit. Bacia Hidr. Alto Descoberto,Granja do Ipê,convencional,332
47,03-mar.-20,35,Plano de Revit. Bacia Hidr. Alto Descoberto,Granja do Ipê,convencional,140
48,03-mar.-20,36,Plano de Revit. Bacia Hidr. Alto Descoberto,Granja do Ipê,convencional,115
49,17-fev.-20,37,Plano de Revit. Bacia Hidr. Alto Descoberto,Granja do Ipê,convencional,240
50,18-fev.-20,38,Plano de Revit. Bacia Hidr. Alto Descoberto,Granja do Ipê,convencional,210
51,23-dez.-20,39,Plano de Revit. Bacia Hidr. Alto Descoberto,Granja do Ipê,convencional,400
52,29-out.-20,39,Programa Reflorestar (convencional),Granja do Ipê,convencional,250
53,19-nov.-20,40,Plano de Revit. Bacia Hidr. Alto Descoberto,Granja do Ipê,convencional,250
54,19-dez.-20,41,Plano de Revit. Bacia Hidr. Alto Descoberto,Granja do Ipê,convencional,400
55,09-jan.-20,42,Plano de Revit. Bacia Hidr. Alto Descoberto,Granja do Ipê,convencional,400
56,07-jan.-20,43,Plano de Revit. Bacia Hidr. Alto Descoberto,Granja do Ipê,convencional,400
57,20-jan.-20,44,Plano de Revit. Bacia Hidr. Alto Descoberto,Granja do Ipê,convencional,360
58,24-jan.-20,45,Plano de Revit. Bacia Hidr. Alto Descoberto,Granja do Ipê,convencional,300
59,10-jan.-20,46,Plano de Revit. Bacia Hidr. Alto Descoberto,Granja do Ipê,convencional,315
60,10-jan.-20,47,Plano de Revit. Bacia Hidr. Alto Descoberto,Granja do Ipê,convencional,285
61,17-jan.-20,48,Plano de Revit. Bacia Hidr. Alto Descoberto,Granja do Ipê,convencional,100
62,21-jan.-20,49,Plano de Revit. Bacia Hidr. Alto Descoberto,Granja do Ipê,convencional,330
63,21-jan.-20,50,Plano de Revit. Bacia Hidr. Alto Descoberto,Granja do Ipê,convencional,200
64,22-jan.-20,51,Plano de Revit. Bacia Hidr. Alto Descoberto,Granja do Ipê,convencional,170
65,22-jan.-20,52,Plano de Revit. Bacia Hidr. Alto Descoberto,Granja do Ipê,convencional,200
66,22-jan.-20,53,Plano de Revit. Bacia Hidr. Alto Descoberto,Granja do Ipê,convencional,200
67,06-fev.-20,54,Plano de Revit. Bacia Hidr. Alto Descoberto,Granja do Ipê,convencional,100
68,06-fev.-20,55,Plano de Revit. Bacia Hidr. Alto Descoberto,Granja do Ipê,convencional,160
69,12-fev.-20,56,Plano de Revit. Bacia Hidr. Alto Descoberto,Granja do Ipê,convencional,250
70,04-dez.-19,57,Plano de Revit. Bacia Hidr. Alto Descoberto,Granja do Ipê,convencional,400
71,28-nov.-19,58,Plano de Revit. Bacia Hidr. Alto Descoberto,Granja do Ipê,convencional,401
72,22-dez.-17,59,Plano de Revit. Bacia Hidr. Alto Descoberto,Granja do Ipê,convencional,200
73,21-dez.-17,60,Plano de Revit. Bacia Hidr. Alto Descoberto,Granja do Ipê,convencional,200
74,23-jan.-18,61,Plano de Revit. Bacia Hidr. Alto Descoberto,Granja do Ipê,convencional,240
75,07-nov.-19,62,Plano de Revit. Bacia Hidr. Alto Descoberto,Granja do Ipê,convencional,400
76,16-mar.-20,63,Plano de Revit. Bacia Hidr. Alto Descoberto,Granja do Ipê,convencional,400
77,26-out.-20,64,Plano de Revit. Bacia Hidr. Alto Descoberto,Granja do Ipê,convencional,60
78,26-out.-20,65,Plano de Revit. Bacia Hidr. Alto Descoberto,Granja do Ipê,convencional,40
79,15-out.-20,66,Plano de Revit. Bacia Hidr. Alto Descoberto,Granja do Ipê,convencional,270
80,18-dez.-19,67,Plano de Revit. Bacia Hidr. Alto Descoberto,Granja do Ipê,convencional,300
81,18-dez.-19,68,Plano de Revit. Bacia Hidr. Alto Descoberto,Granja do Ipê,convencional,300
82,11-dez.-19,69,Plano de Revit. Bacia Hidr. Alto Descoberto,Granja do Ipê,convencional,400
83,11-dez.-19,70,Plano de Revit. Bacia Hidr. Alto Descoberto,Granja do Ipê,convencional,400
84,04-set.-19,72,Plano de Revit. Bacia Hidr. Alto Descoberto,Granja do Ipê,convencional,150
85,27-jan.-20,324,Plano de Revit. Bacia Hidr. Alto Descoberto,Granja do Ipê,convencional,100
86,20-nov.-18,74,Plano de Revit. Bacia Hidr. Alto Descoberto,Granja do Ipê,convencional,250
87,11-dez.-18,75,Plano de Revit. Bacia Hidr. Alto Descoberto,Granja do Ipê,convencional,500
88,19-nov.-19,76,Plano de Revit. Bacia Hidr. Alto Descoberto,Granja do Ipê,convencional,179
89,19-nov.-19,77,Plano de Revit. Bacia Hidr. Alto Descoberto,Granja do Ipê,convencional,163
90,19-nov.-19,322,Plano de Revit. Bacia Hidr. Alto Descoberto,Granja do Ipê,convencional,186
91,19-nov.-19,78,Plano de Revit. Bacia Hidr. Alto Descoberto,Granja do Ipê,convencional,172
92,25-nov.-19,79,Plano de Revit. Bacia Hidr. Alto Descoberto,Granja do Ipê,convencional,400
93,07-dez.-17,80,Plano de Revit. Bacia Hidr. Alto Descoberto,Granja do Ipê,convencional,400
94,30-jan.-20,81,Plano de Revit. Bacia Hidr. Alto Descoberto,Granja do Ipê,convencional,150
95,16-jan.-20,82,Plano de Revit. Bacia Hidr. Alto Descoberto,Granja do Ipê,convencional,350
96,01-fev.-18,83,Plano de Revit. Bacia Hidr. Alto Descoberto,Granja do Ipê,convencional,400
97,12-dez.-17,84,Plano de Revit. Bacia Hidr. Alto Descoberto,Granja do Ipê,convencional,400
98,12-dez.-18,85,Plano de Revit. Bacia Hidr. Alto Descoberto,Granja do Ipê,convencional,400
99,12-dez.-18,86,Plano de Revit. Bacia Hidr. Alto Descoberto,Granja do Ipê,convencional,400
100,25-nov.-19,87,Plano de Revit. Bacia Hidr. Alto Descoberto,Granja do Ipê,convencional,400
101,27-jan.-20,88,Plano de Revit. Bacia Hidr. Alto Descoberto,Granja do Ipê,convencional,110
102,14-fev.-20,89,Plano de Revit. Bacia Hidr. Alto Descoberto,Granja do Ipê,convencional,190
103,15-dez.-17,90,Plano de Revit. Bacia Hidr. Alto Descoberto,Granja do Ipê,convencional,100
104,15-dez.-17,91,Plano de Revit. Bacia Hidr. Alto Descoberto,Granja do Ipê,convencional,350
105,20-nov.-19,92,Plano de Revit. Bacia Hidr. Alto Descoberto,Granja do Ipê,convencional,400
106,19-dez.-17,93,Plano de Revit. Bacia Hidr. Alto Descoberto,Granja do Ipê,convencional,400
107,31-jan.-18,94,Plano de Revit. Bacia Hidr. Alto Descoberto,Granja do Ipê,convencional,175
108,31-jan.-18,95,Plano de Revit. Bacia Hidr. Alto Descoberto,Granja do Ipê,convencional,145
109,31-jan.-18,96,Plano de Revit. Bacia Hidr. Alto Descoberto,Granja do Ipê,convencional,145
110,31-jan.-18,97,Plano de Revit. Bacia Hidr. Alto Descoberto,Granja do Ipê,convencional,145
111,05-dez.-18,98,Plano de Revit. Bacia Hidr. Alto Descoberto,Granja do Ipê,convencional,120
112,06-fev.-18,99,Plano de Revit. Bacia Hidr. Alto Descoberto,Granja do Ipê,convencional,50
113,22-nov.-19,100,Plano de Revit. Bacia Hidr. Alto Descoberto,Granja do Ipê,convencional,400
114,01-dez.-17,101,Plano de Revit. Bacia Hidr. Alto Descoberto,Granja do Ipê,convencional,120
115,01-dez.-17,102,Plano de Revit. Bacia Hidr. Alto Descoberto,Granja do Ipê,convencional,230
116,27-out.-17,103,Plano de Revit. Bacia Hidr. Alto Descoberto,Granja do Ipê,convencional,330
117,24-out.-17,103,Plano de Revit. Bacia Hidr. Alto Descoberto,Granja do Ipê,convencional,70
118,15-jan.-19,104,Plano de Revit. Bacia Hidr. Alto Descoberto,Granja do Ipê,convencional,400
119,10-dez.-19,105,Plano de Revit. Bacia Hidr. Alto Descoberto,Granja do Ipê,convencional,400
120,18-fev.-20,106,Plano de Revit. Bacia Hidr. Alto Descoberto,Granja do Ipê,convencional,300
121,25-jan.-18,107,Plano de Revit. Bacia Hidr. Alto Descoberto,Granja do Ipê,convencional,400
122,25-jan.-18,108,Plano de Revit. Bacia Hidr. Alto Descoberto,Granja do Ipê,convencional,400
123,30-set.-19,109,Plano de Revit. Bacia Hidr. Alto Descoberto,Granja do Ipê,convencional,300
124,05-nov.-19,110,Plano de Revit. Bacia Hidr. Alto Descoberto,Granja do Ipê,convencional,120
125,05-nov.-19,111,Plano de Revit. Bacia Hidr. Alto Descoberto,Granja do Ipê,convencional,180
126,15-dez.-17,112,Plano de Revit. Bacia Hidr. Alto Descoberto,Granja do Ipê,convencional,158
127,15-dez.-17,113,Plano de Revit. Bacia Hidr. Alto Descoberto,Granja do Ipê,convencional,100
128,18-dez.-17,114,Plano de Revit. Bacia Hidr. Alto Descoberto,Granja do Ipê,convencional,400
129,04-fev.-20,115,Plano de Revit. Bacia Hidr. Alto Descoberto,Granja do Ipê,convencional,250
130,18-dez.-17,116,Plano de Revit. Bacia Hidr. Alto Descoberto,Granja do Ipê,convencional,400
131,18-dez.-17,117,Plano de Revit. Bacia Hidr. Alto Descoberto,Granja do Ipê,convencional,400
132,21-fev.-20,118,Plano de Revit. Bacia Hidr. Alto Descoberto,Granja do Ipê,convencional,53
133,21-fev.-20,119,Plano de Revit. Bacia Hidr. Alto Descoberto,Granja do Ipê,convencional,174
134,20-fev.-20,120,Plano de Revit. Bacia Hidr. Alto Descoberto,Granja do Ipê,convencional,174
135,23-out.-20,121,Plano de Revit. Bacia Hidr. Alto Descoberto,Granja do Ipê,convencional,265
136,13-dez.-19,122,Plano de Revit. Bacia Hidr. Alto Descoberto,Granja do Ipê,convencional,180
137,13-dez.-19,123,Plano de Revit. Bacia Hidr. Alto Descoberto,Granja do Ipê,convencional,170
138,12-dez.-19,124,Plano de Revit. Bacia Hidr. Alto Descoberto,Granja do Ipê,convencional,180
139,20-fev.-18,125,Plano de Revit. Bacia Hidr. Alto Descoberto,Granja do Ipê,convencional,100
140,07-dez.-17,126,Plano de Revit. Bacia Hidr. Alto Descoberto,Granja do Ipê,convencional,400
141,19-out.-20,127,Plano de Revit. Bacia Hidr. Alto Descoberto,Granja do Ipê,convencional,200
143,02-fev.-18,129,Plano de Revit. Bacia Hidr. Alto Descoberto,Granja do Ipê,convencional,70
144,13-nov.-18,131,Plano de Revit. Bacia Hidr. Alto Descoberto,Granja do Ipê,convencional,200
145,13-nov.-18,132,Plano de Revit. Bacia Hidr. Alto Descoberto,Granja do Ipê,convencional,650
146,13-nov.-18,133,Plano de Revit. Bacia Hidr. Alto Descoberto,Granja do Ipê,convencional,150
147,13-nov.-18,134,Plano de Revit. Bacia Hidr. Alto Descoberto,Granja do Ipê,convencional,150
148,01-dez.-17,135,Plano de Revit. Bacia Hidr. Alto Descoberto,Granja do Ipê,convencional,50
149,01-dez.-17,136,Plano de Revit. Bacia Hidr. Alto Descoberto,Granja do Ipê,convencional,50
150,05-nov.-19,137,Plano de Revit. Bacia Hidr. Alto Descoberto,Granja do Ipê,convencional,200
151,05-nov.-19,138,Plano de Revit. Bacia Hidr. Alto Descoberto,Granja do Ipê,convencional,200
152,05-nov.-19,139,Plano de Revit. Bacia Hidr. Alto Descoberto,Granja do Ipê,convencional,200
153,01-nov.-18,140,Plano de Revit. Bacia Hidr. Alto Descoberto,Granja do Ipê,convencional,400
154,01-nov.-18,141,Plano de Revit. Bacia Hidr. Alto Descoberto,Granja do Ipê,convencional,400
155,21-nov.-17,142,Plano de Revit. Bacia Hidr. Alto Descoberto,Granja do Ipê,convencional,400
156,22-nov.-17,143,Plano de Revit. Bacia Hidr. Alto Descoberto,Granja do Ipê,convencional,60
157,22-nov.-17,143,Plano de Revit. Bacia Hidr. Alto Descoberto,Granja do Ipê,convencional,40
158,14-nov.-18,144,Plano de Revit. Bacia Hidr. Alto Descoberto,Granja do Ipê,convencional,110
159,05-fev.-20,145,Plano de Revit. Bacia Hidr. Alto Descoberto,Granja do Ipê,convencional,400
160,01-dez.-17,146,Plano de Revit. Bacia Hidr. Alto Descoberto,Granja do Ipê,convencional,400
161,27-nov.-17,147,Plano de Revit. Bacia Hidr. Alto Descoberto,Granja do Ipê,convencional,170
162,27-nov.-17,147,Plano de Revit. Bacia Hidr. Alto Descoberto,Granja do Ipê,convencional,30
163,04-dez.-17,148,Plano de Revit. Bacia Hidr. Alto Descoberto,Granja do Ipê,convencional,205
164,04-dez.-17,570,Plano de Revit. Bacia Hidr. Alto Descoberto,Granja do Ipê,convencional,95
165,04-dez.-17,149,Plano de Revit. Bacia Hidr. Alto Descoberto,Granja do Ipê,convencional,40
166,30-out.-17,149,Plano de Revit. Bacia Hidr. Alto Descoberto,Granja do Ipê,convencional,10
167,25-out.-18,150,Plano de Revit. Bacia Hidr. Alto Descoberto,Granja do Ipê,convencional,400
168,22-fev.-18,151,Plano de Revit. Bacia Hidr. Alto Descoberto,Granja do Ipê,convencional,50
169,23-jan.-20,152,Plano de Revit. Bacia Hidr. Alto Descoberto,Granja do Ipê,convencional,200
170,23-jan.-20,320,Plano de Revit. Bacia Hidr. Alto Descoberto,Granja do Ipê,convencional,200
171,23-jan.-20,153,Plano de Revit. Bacia Hidr. Alto Descoberto,Granja do Ipê,convencional,160
172,05-dez.-17,155,Plano de Revit. Bacia Hidr. Alto Descoberto,Granja do Ipê,convencional,200
173,02-fev.-18,156,Plano de Revit. Bacia Hidr. Alto Descoberto,Granja do Ipê,convencional,70
174,22-nov.-17,157,Plano de Revit. Bacia Hidr. Alto Descoberto,Granja do Ipê,convencional,145
175,22-nov.-17,158,Plano de Revit. Bacia Hidr. Alto Descoberto,Granja do Ipê,convencional,255
176,22-nov.-17,157,Plano de Revit. Bacia Hidr. Alto Descoberto,Granja do Ipê,convencional,105
177,22-nov.-17,158,Plano de Revit. Bacia Hidr. Alto Descoberto,Granja do Ipê,convencional,75
178,29-nov.-18,159,Plano de Revit. Bacia Hidr. Alto Descoberto,Granja do Ipê,convencional,400
179,29-nov.-18,160,Plano de Revit. Bacia Hidr. Alto Descoberto,Granja do Ipê,convencional,400
180,05-fev.-19,161,Plano de Revit. Bacia Hidr. Alto Descoberto,Granja do Ipê,convencional,400
181,05-dez.-17,162,Plano de Revit. Bacia Hidr. Alto Descoberto,Granja do Ipê,convencional,400
182,28-nov.-17,163,Plano de Revit. Bacia Hidr. Alto Descoberto,Granja do Ipê,convencional,310
183,28-nov.-17,163,Plano de Revit. Bacia Hidr. Alto Descoberto,Granja do Ipê,convencional,30
184,28-nov.-17,165,Plano de Revit. Bacia Hidr. Alto Descoberto,Granja do Ipê,convencional,200
185,28-nov.-17,163,Plano de Revit. Bacia Hidr. Alto Descoberto,Granja do Ipê,convencional,60
186,28-nov.-17,166,Plano de Revit. Bacia Hidr. Alto Descoberto,Granja do Ipê,convencional,200
187,30-out.-18,167,Plano de Revit. Bacia Hidr. Alto Descoberto,Granja do Ipê,convencional,145
188,01-dez.-18,168,Plano de Revit. Bacia Hidr. Alto Descoberto,Granja do Ipê,convencional,300
189,05-mar.-20,169,Plano de Revit. Bacia Hidr. Alto Descoberto,Granja do Ipê,convencional,260
190,04-nov.-20,171,Plano de Revit. Bacia Hidr. Alto Descoberto,Granja do Ipê,convencional,120
191,04-nov.-20,172,Plano de Revit. Bacia Hidr. Alto Descoberto,Granja do Ipê,convencional,240
192,04-nov.-20,173,Plano de Revit. Bacia Hidr. Alto Descoberto,Granja do Ipê,convencional,100
193,06-nov.-20,174,Plano de Revit. Bacia Hidr. Alto Descoberto,Granja do Ipê,convencional,105
194,06-nov.-20,175,Plano de Revit. Bacia Hidr. Alto Descoberto,Granja do Ipê,convencional,225
195,12-mar.-20,176,Plano de Revit. Bacia Hidr. Alto Descoberto,Granja do Ipê,convencional,375
196,12-fev.-20,177,Produtor de Água Pipiripau,Granja do Ipê,convencional,2000
197,16-jan.-18,178,Produtor de Água Pipiripau,Granja do Ipê,convencional,1483
198,16-jan.-18,179,Produtor de Água Pipiripau,Granja do Ipê,convencional,200
199,18-jan.-18,180,Produtor de Água Pipiripau,Granja do Ipê,convencional,1586
200,17-jan.-18,181,Produtor de Água Pipiripau,Granja do Ipê,convencional,811
201,17-jan.-18,181,Produtor de Água Pipiripau,Casa do Cerrado,convencional,150
202,17-jan.-18,182,Produtor de Água Pipiripau,Granja do Ipê,convencional,517
203,17-jan.-18,182,Produtor de Água Pipiripau,Casa do Cerrado,convencional,75
204,24-jan.-18,183,Produtor de Água Pipiripau,Granja do Ipê,convencional,5664
205,24-jan.-18,183,Produtor de Água Pipiripau,Casa do Cerrado,convencional,525
206,31-jan.-18,183,Produtor de Água Pipiripau,Granja do Ipê,convencional,610
207,22-jan.-18,184,Produtor de Água Pipiripau,Granja do Ipê,convencional,1145
208,22-jan.-18,184,Produtor de Água Pipiripau,Casa do Cerrado,convencional,165
209,29-jan.-18,185,Produtor de Água Pipiripau,Granja do Ipê,convencional,1563
210,31-jan.-18,186,Produtor de Água Pipiripau,Granja do Ipê,convencional,1910
211,31-jan.-18,186,Produtor de Água Pipiripau,Casa do Cerrado,convencional,290
212,31-jan.-18,186,Produtor de Água Pipiripau,Granja do Ipê,convencional,775
213,31-jan.-18,187,Produtor de Água Pipiripau,Granja do Ipê,convencional,815
214,05-fev.-18,187,Produtor de Água Pipiripau,Granja do Ipê,convencional,2300
215,06-fev.-18,187,Produtor de Água Pipiripau,Granja do Ipê,convencional,2000
216,29-jan.-18,188,Produtor de Água Pipiripau,Granja do Ipê,convencional,675
217,07-fev.-18,181,Produtor de Água Pipiripau,Granja do Ipê,convencional,225
218,22-jan.-18,189,Produtor de Água Pipiripau,Granja do Ipê,convencional,315
219,22-jan.-18,190,Produtor de Água Pipiripau,Granja do Ipê,convencional,140
220,23-jan.-14,191,Produtor de Água Pipiripau,Granja do Ipê,convencional,300
221,01-dez.-16,192,Produtor de Água Pipiripau,Granja do Ipê,convencional,596
222,29-jan.-14,193,Produtor de Água Pipiripau,Granja do Ipê,convencional,1700
223,09-dez.-15,193,Produtor de Água Pipiripau,Granja do Ipê,convencional,400
224,04-dez.-14,194,Produtor de Água Pipiripau,Granja do Ipê,convencional,1200
225,01-mar.-15,194,Produtor de Água Pipiripau,Granja do Ipê,convencional,2000
226,23-fev.-17,194,Produtor de Água Pipiripau,Granja do Ipê,convencional,10
227,23-fev.-17,194,Produtor de Água Pipiripau,Granja do Ipê,convencional,200
228,10-nov.-16,195,Produtor de Água Pipiripau,Granja do Ipê,convencional,2037
229,10-nov.-16,195,Produtor de Água Pipiripau,Granja do Ipê,convencional,2038
230,16-fev.-15,196,Produtor de Água Pipiripau,Granja do Ipê,convencional,100
231,16-fev.-15,196,Produtor de Água Pipiripau,Granja do Ipê,convencional,64
232,01-jan.-15,197,Produtor de Água Pipiripau,Granja do Ipê,convencional,3500
233,30-jan.-15,198,Produtor de Água Pipiripau,Granja do Ipê,convencional,600
234,19-fev.-15,199,Produtor de Água Pipiripau,Granja do Ipê,convencional,3500
235,15-abr.-15,200,Produtor de Água Pipiripau,Granja do Ipê,convencional,2775
236,27-abr.-15,200,Produtor de Água Pipiripau,Granja do Ipê,convencional,500
237,04-dez.-15,201,Produtor de Água Pipiripau,Granja do Ipê,convencional,800
238,25-nov.-15,201,Produtor de Água Pipiripau,Granja do Ipê,convencional,3000
240,01-nov.-15,202,Produtor de Água Pipiripau,Granja do Ipê,convencional,3000
241,01-nov.-15,202,Produtor de Água Pipiripau,Granja do Ipê,convencional,1000
242,23-dez.-16,203,Produtor de Água Pipiripau,Granja do Ipê,convencional,638
243,13-fev.-15,204,Produtor de Água Pipiripau,Granja do Ipê,convencional,700
244,10-nov.-15,188,Produtor de Água Pipiripau,Granja do Ipê,convencional,500
245,15-nov.-15,188,Produtor de Água Pipiripau,Granja do Ipê,convencional,400
246,05-fev.-14,205,Produtor de Água Pipiripau,Granja do Ipê,convencional,67
247,27-abr.-15,206,Produtor de Água Pipiripau,Granja do Ipê,convencional,500
248,19-fev.-14,207,Produtor de Água Pipiripau,Granja do Ipê,convencional,6900
249,26-fev.-15,208,Produtor de Água Pipiripau,Granja do Ipê,convencional,2200
250,18-dez.-13,209,Produtor de Água Pipiripau,Granja do Ipê,convencional,100
251,27-mar.-15,209,Produtor de Água Pipiripau,Granja do Ipê,convencional,700
252,29-nov.-13,210,Produtor de Água Pipiripau,Granja do Ipê,convencional,3320
253,06-fev.-14,210,Produtor de Água Pipiripau,Granja do Ipê,convencional,300
254,28-jan.-15,210,Produtor de Água Pipiripau,Granja do Ipê,convencional,1800
255,25-fev.-15,210,Produtor de Água Pipiripau,Granja do Ipê,convencional,300
256,21-out.-16,210,Produtor de Água Pipiripau,Granja do Ipê,convencional,323
257,18-dez.-13,211,Produtor de Água Pipiripau,Granja do Ipê,convencional,4733
258,11-jan.-14,211,Produtor de Água Pipiripau,Granja do Ipê,convencional,2733
259,05-fev.-14,211,Produtor de Água Pipiripau,Granja do Ipê,convencional,1500
260,08-dez.-14,211,Produtor de Água Pipiripau,Granja do Ipê,convencional,1500
261,27-fev.-15,211,Produtor de Água Pipiripau,Granja do Ipê,convencional,1289
262,01-abr.-15,212,Produtor de Água Pipiripau,Granja do Ipê,convencional,1200
263,04-dez.-14,212,Produtor de Água Pipiripau,Granja do Ipê,convencional,5000
264,26-jan.-14,212,Produtor de Água Pipiripau,Granja do Ipê,convencional,3000
265,17-jan.-14,212,Produtor de Água Pipiripau,Granja do Ipê,convencional,6350
266,04-dez.-15,212,Produtor de Água Pipiripau,Granja do Ipê,convencional,400
267,04-fev.-15,213,Produtor de Água Pipiripau,Granja do Ipê,convencional,1750
268,27-abr.-15,213,Produtor de Água Pipiripau,Granja do Ipê,convencional,843
269,27-mar.-15,214,Produtor de Água Pipiripau,Granja do Ipê,convencional,330
270,26-nov.-14,215,Produtor de Água Pipiripau,Granja do Ipê,convencional,6000
271,20-fev.-14,216,Produtor de Água Pipiripau,Granja do Ipê,convencional,170
272,23-fev.-15,216,Produtor de Água Pipiripau,Granja do Ipê,convencional,833
273,15-mai.-15,216,Produtor de Água Pipiripau,Granja do Ipê,convencional,1000
274,21-dez.-15,216,Produtor de Água Pipiripau,Granja do Ipê,convencional,100
275,25-nov.-14,217,Produtor de Água Pipiripau,Granja do Ipê,convencional,1250
276,26-jan.-15,184,Produtor de Água Pipiripau,Granja do Ipê,convencional,3200
277,21-dez.-15,184,Produtor de Água Pipiripau,Granja do Ipê,convencional,300
278,01-abr.-15,218,Produtor de Água Pipiripau,Granja do Ipê,convencional,2084
279,31-out.-16,218,Produtor de Água Pipiripau,Granja do Ipê,convencional,700
280,01-jan.-16,219,Produtor de Água Pipiripau,Granja do Ipê,convencional,1652
281,15-abr.-15,220,Produtor de Água Pipiripau,Granja do Ipê,convencional,833
282,05-fev.-14,221,Produtor de Água Pipiripau,Granja do Ipê,convencional,5000
283,03-dez.-14,222,Produtor de Água Pipiripau,Granja do Ipê,convencional,1500
284,01-nov.-16,222,Produtor de Água Pipiripau,Granja do Ipê,convencional,322
285,02-dez.-14,223,Produtor de Água Pipiripau,Granja do Ipê,convencional,300
286,11-dez.-15,223,Produtor de Água Pipiripau,Granja do Ipê,convencional,300
288,01-jan.-15,224,Produtor de Água Pipiripau,Granja do Ipê,convencional,450
289,16-fev.-17,225,Produtor de Água Pipiripau,Granja do Ipê,convencional,100
290,08-dez.-14,226,Produtor de Água Pipiripau,Granja do Ipê,convencional,5684
291,21-dez.-15,226,Produtor de Água Pipiripau,Granja do Ipê,convencional,600
292,07-jan.-15,227,Produtor de Água Pipiripau,Granja do Ipê,convencional,9752
293,03-mar.-15,228,Produtor de Água Pipiripau,Granja do Ipê,convencional,600
294,03-nov.-14,229,Produtor de Água Pipiripau,Granja do Ipê,convencional,300
295,27-fev.-15,230,Produtor de Água Pipiripau,Granja do Ipê,convencional,2399
296,21-out.-16,231,Produtor de Água Pipiripau,Granja do Ipê,convencional,399
297,04-mar.-15,231,Produtor de Água Pipiripau,Granja do Ipê,convencional,4264
298,11-fev.-14,232,Produtor de Água Pipiripau,Granja do Ipê,convencional,5710
299,12-fev.-15,232,Produtor de Água Pipiripau,Granja do Ipê,convencional,300
300,09-dez.-15,180,Produtor de Água Pipiripau,Granja do Ipê,convencional,1400
301,18-fev.-14,233,Produtor de Água Pipiripau,Granja do Ipê,convencional,3350
302,25-nov.-15,233,Produtor de Água Pipiripau,Granja do Ipê,convencional,8000
303,07-nov.-16,234,Produtor de Água Pipiripau,Granja do Ipê,convencional,710
304,14-abr.-15,235,Produtor de Água Pipiripau,Granja do Ipê,convencional,700
305,06-fev.-14,236,Produtor de Água Pipiripau,Granja do Ipê,convencional,1700
306,02-dez.-14,237,Produtor de Água Pipiripau,Granja do Ipê,convencional,1500
307,02-dez.-14,237,Produtor de Água Pipiripau,Granja do Ipê,convencional,150
308,09-jan.-14,238,Produtor de Água Pipiripau,Granja do Ipê,convencional,1867
309,13-fev.-15,239,Produtor de Água Pipiripau,Granja do Ipê,convencional,650
310,01-jan.-15,239,Produtor de Água Pipiripau,Granja do Ipê,convencional,900
311,22-dez.-16,239,Produtor de Água Pipiripau,Granja do Ipê,convencional,2050
312,23-dez.-16,239,Produtor de Água Pipiripau,Granja do Ipê,convencional,198
313,23-dez.-16,239,Produtor de Água Pipiripau,Granja do Ipê,convencional,1642
314,03-mar.-14,240,Produtor de Água Pipiripau,Granja do Ipê,convencional,2932
315,03-dez.-14,240,Produtor de Água Pipiripau,Granja do Ipê,convencional,5350
316,26-jan.-15,240,Produtor de Água Pipiripau,Granja do Ipê,convencional,500
317,17-abr.-15,240,Produtor de Água Pipiripau,Granja do Ipê,convencional,300
318,03-fev.-14,241,Produtor de Água Pipiripau,Granja do Ipê,convencional,4000
319,25-nov.-14,241,Produtor de Água Pipiripau,Granja do Ipê,convencional,500
320,30-mar.-17,241,Produtor de Água Pipiripau,Granja do Ipê,convencional,376
321,03-nov.-16,242,Produtor de Água Pipiripau,Granja do Ipê,convencional,400
322,01-dez.-15,243,Produtor de Água Pipiripau,Granja do Ipê,convencional,150
323,04-dez.-15,243,Produtor de Água Pipiripau,Granja do Ipê,convencional,200
324,31-dez.-14,244,Produtor de Água Pipiripau,Granja do Ipê,convencional,400
325,02-fev.-15,244,Produtor de Água Pipiripau,Granja do Ipê,convencional,3800
326,01-jan.-15,190,Produtor de Água Pipiripau,Granja do Ipê,convencional,616
327,14-abr.-15,190,Produtor de Água Pipiripau,Granja do Ipê,convencional,5200
328,17-abr.-15,190,Produtor de Água Pipiripau,Granja do Ipê,convencional,7435
329,07-dez.-16,190,Produtor de Água Pipiripau,Granja do Ipê,convencional,2055
330,27-abr.-15,245,Produtor de Água Pipiripau,Granja do Ipê,convencional,400
331,01-nov.-16,245,Produtor de Água Pipiripau,Granja do Ipê,convencional,561
332,09-jan.-14,178,Produtor de Água Pipiripau,Granja do Ipê,convencional,1367
333,09-fev.-14,178,Produtor de Água Pipiripau,Granja do Ipê,convencional,1367
334,04-dez.-13,246,Produtor de Água Pipiripau,Granja do Ipê,convencional,4132
335,24-fev.-14,246,Produtor de Água Pipiripau,Granja do Ipê,convencional,2000
336,01-dez.-15,246,Produtor de Água Pipiripau,Granja do Ipê,convencional,1000
337,02-dez.-14,247,Produtor de Água Pipiripau,Granja do Ipê,convencional,3600
338,01-jan.-15,248,Produtor de Água Pipiripau,Granja do Ipê,convencional,6484
339,24-out.-16,248,Produtor de Água Pipiripau,Granja do Ipê,convencional,2008
340,01-out.-16,248,Produtor de Água Pipiripau,Granja do Ipê,convencional,2000
341,26-out.-16,248,Produtor de Água Pipiripau,Granja do Ipê,convencional,2075
342,26-out.-16,248,Produtor de Água Pipiripau,Granja do Ipê,convencional,2022
343,03-mar.-14,249,Produtor de Água Pipiripau,Granja do Ipê,convencional,3800
344,13-fev.-15,249,Produtor de Água Pipiripau,Granja do Ipê,convencional,500
345,13-mar.-14,250,Produtor de Água Pipiripau,Granja do Ipê,convencional,2720
346,20-fev.-15,250,Produtor de Água Pipiripau,Granja do Ipê,convencional,300
347,01-dez.-15,250,Produtor de Água Pipiripau,Granja do Ipê,convencional,200
348,01-nov.-16,251,Produtor de Água Pipiripau,Granja do Ipê,convencional,558
349,06-fev.-14,252,Produtor de Água Pipiripau,Granja do Ipê,convencional,200
350,02-dez.-14,252,Produtor de Água Pipiripau,Granja do Ipê,convencional,70
351,06-fev.-14,253,Produtor de Água Pipiripau,Granja do Ipê,convencional,502
352,27-mar.-14,253,Produtor de Água Pipiripau,Granja do Ipê,convencional,1275
353,25-mar.-14,254,Produtor de Água Pipiripau,Granja do Ipê,convencional,3800
354,01-dez.-16,254,Produtor de Água Pipiripau,Granja do Ipê,convencional,1463
355,19-mar.-14,255,Produtor de Água Pipiripau,Granja do Ipê,convencional,3490
356,01-dez.-16,255,Produtor de Água Pipiripau,Granja do Ipê,convencional,640
357,02-dez.-16,255,Produtor de Água Pipiripau,Granja do Ipê,convencional,664
358,10-nov.-16,256,Produtor de Água Pipiripau,Granja do Ipê,convencional,1918
359,09-dez.-15,257,Produtor de Água Pipiripau,Granja do Ipê,convencional,300
360,01-nov.-16,257,Produtor de Água Pipiripau,Granja do Ipê,convencional,1126
361,02-dez.-14,265,Produtor de Água Pipiripau,Granja do Ipê,convencional,1500
362,01-jan.-15,259,Produtor de Água Pipiripau,Granja do Ipê,convencional,900
363,01-nov.-16,260,Produtor de Água Pipiripau,Granja do Ipê,convencional,814
364,19-mar.-15,261,Produtor de Água Pipiripau,Granja do Ipê,convencional,2383
365,17-abr.-15,262,Produtor de Água Pipiripau,Granja do Ipê,convencional,300
366,20-jan.-15,262,Produtor de Água Pipiripau,Granja do Ipê,convencional,300
367,15-dez.-16,263,Produtor de Água Pipiripau,Granja do Ipê,convencional,1400
368,16-dez.-16,263,Produtor de Água Pipiripau,Granja do Ipê,convencional,558
369,19-dez.-16,263,Produtor de Água Pipiripau,Granja do Ipê,convencional,2200
370,20-dez.-16,263,Produtor de Água Pipiripau,Granja do Ipê,convencional,2100
371,10-dez.-14,263,Produtor de Água Pipiripau,Granja do Ipê,convencional,8000
372,26-mar.-15,263,Produtor de Água Pipiripau,Granja do Ipê,convencional,1000
373,29-dez.-14,264,Produtor de Água Pipiripau,Granja do Ipê,convencional,500
374,11-nov.-16,264,Produtor de Água Pipiripau,Granja do Ipê,convencional,945
375,07-jan.-10,265,Produtor de Água Pipiripau,Casa do Cerrado,convencional,8000
376,25-nov.-20,266,Produtor de Água Pipiripau,Granja do Ipê,convencional,600
377,10-nov.-20,267,Produtor de Água Pipiripau,Granja do Ipê,convencional,3200
378,12-nov.-20,267,Produtor de Água Pipiripau,Granja do Ipê,convencional,841
379,12-nov.-20,185,Produtor de Água Pipiripau,Granja do Ipê,convencional,1013
380,12-nov.-20,268,Produtor de Água Pipiripau,Granja do Ipê,convencional,557
381,19-nov.-20,268,Produtor de Água Pipiripau,Granja do Ipê,convencional,3000
382,18-nov.-20,268,Produtor de Água Pipiripau,Granja do Ipê,convencional,3000
383,25-nov.-20,268,Produtor de Água Pipiripau,Granja do Ipê,convencional,2400
384,28-nov.-12,265,Produtor de Água Pipiripau,Granja do Ipê,convencional,4460
385,27-jun.-12,265,Produtor de Água Pipiripau,Granja do Ipê,convencional,10575
387,08-mar.-12,265,Produtor de Água Pipiripau,Granja do Ipê,convencional,2000
388,31-jan.-13,265,Produtor de Água Pipiripau,Casa do Cerrado,convencional,1800
389,18-dez.-13,265,Produtor de Água Pipiripau,Casa do Cerrado,convencional,1700
390,18-dez.-12,265,Produtor de Água Pipiripau,Casa do Cerrado,convencional,1550
391,18-dez.-12,265,Produtor de Água Pipiripau,Casa do Cerrado,convencional,1500
392,20-fev.-13,265,Produtor de Água Pipiripau,Casa do Cerrado,convencional,750
393,20-fev.-13,265,Produtor de Água Pipiripau,Casa do Cerrado,convencional,750
394,20-fev.-13,265,Produtor de Água Pipiripau,Casa do Cerrado,convencional,750
395,20-fev.-13,265,Produtor de Água Pipiripau,Casa do Cerrado,convencional,1000
396,11-mar.-13,265,Produtor de Água Pipiripau,Casa do Cerrado,convencional,550
397,13-jun.-13,265,Produtor de Água Pipiripau,Casa do Cerrado,convencional,600
398,20-fev.-13,265,Produtor de Água Pipiripau,Casa do Cerrado,convencional,600
399,20-fev.-13,265,Produtor de Água Pipiripau,Casa do Cerrado,convencional,800
400,21-dez.-12,265,Produtor de Água Pipiripau,Granja do Ipê,convencional,2750
401,05-fev.-13,265,Produtor de Água Pipiripau,Casa do Cerrado,convencional,700
402,20-mar.-13,265,Produtor de Água Pipiripau,Casa do Cerrado,convencional,550
403,29-mai.-12,736,Programa Reflorestar (convencional),Granja do Ipê,convencional,5000
404,23-jan.-18,270,Programa Reflorestar (convencional),Granja do Ipê,convencional,500
405,24-jan.-18,271,Programa Reflorestar (convencional),Granja do Ipê,convencional,500
406,21-mar.-15,272,Programa Reflorestar (convencional),Casa do Cerrado,convencional,500
407,22-nov.-11,273,Programa Reflorestar (convencional),Casa do Cerrado,convencional,800
408,22-mai.-12,273,Programa Reflorestar (convencional),Casa do Cerrado,convencional,800
409,27-set.-13,273,Programa Reflorestar (convencional),Casa do Cerrado,convencional,800
410,10-out.-20,275,Programa Reflorestar (convencional),Granja do Ipê,convencional,150
411,13-nov.-20,276,Programa Reflorestar (convencional),Granja do Ipê,convencional,120
412,10-dez.-20,277,Programa Reflorestar (convencional),Granja do Ipê,convencional,250
414,07-dez.-20,280,Programa Reflorestar (convencional),Granja do Ipê,convencional,250
415,13-dez.-16,281,Programa Reflorestar (convencional),Granja do Ipê,convencional,300
416,29-jan.-13,282,Programa Reflorestar (convencional),Granja do Ipê,convencional,1300
417,07-mar.-18,282,Programa Reflorestar (convencional),Granja do Ipê,convencional,240
418,28-out.-20,282,Programa Reflorestar (convencional),Granja do Ipê,convencional,250
419,13-nov.-20,283,Programa Reflorestar (convencional),Granja do Ipê,convencional,250
421,16-nov.-20,285,Programa Reflorestar (convencional),Granja do Ipê,convencional,250
422,18-dez.-20,286,Plano de Revit. Bacia Hidr. Alto Descoberto,Granja do Ipê,convencional,500
423,10-nov.-20,287,Programa Reflorestar (convencional),Granja do Ipê,convencional,40
424,10-dez.-20,288,Programa Reflorestar (convencional),Granja do Ipê,convencional,250
425,15-out.-20,369,Programa Reflorestar (convencional),Granja do Ipê,convencional,250
426,26-out.-20,290,Programa Reflorestar (convencional),Granja do Ipê,convencional,150
427,20-set.-12,291,Programa Reflorestar (convencional),Casa do Cerrado,convencional,100
428,23-dez.-19,291,Programa Reflorestar (convencional),Granja do Ipê,convencional,150
429,26-out.-20,291,Programa Reflorestar (convencional),Granja do Ipê,convencional,250
430,10-dez.-20,292,Programa Reflorestar (convencional),Granja do Ipê,convencional,310
431,27-nov.-20,293,Programa Reflorestar (convencional),Granja do Ipê,convencional,250
432,15-out.-20,294,Programa Reflorestar (convencional),Granja do Ipê,convencional,250
433,27-out.-20,295,Programa Reflorestar (convencional),Granja do Ipê,convencional,150
434,01-jan.-21,73,Plano de Revit. Bacia Hidr. Alto Descoberto,Granja do Ipê,convencional,175
435,19-nov.-20,296,Programa Reflorestar (convencional),Granja do Ipê,convencional,250
436,06-nov.-20,297,Programa Reflorestar (convencional),Granja do Ipê,convencional,250
437,27-out.-20,298,Programa Reflorestar (convencional),Granja do Ipê,convencional,250
438,26-out.-20,299,Programa Reflorestar (convencional),Granja do Ipê,convencional,250
439,23-out.-20,300,Programa Reflorestar (convencional),Granja do Ipê,convencional,100
440,10-nov.-20,301,Programa Reflorestar (convencional),Granja do Ipê,convencional,250
441,24-jul.-20,302,Programa Reflorestar (convencional),Granja do Ipê,convencional,200
442,27-out.-20,303,Programa Reflorestar (convencional),Granja do Ipê,convencional,250
443,23-out.-20,304,Programa Reflorestar (convencional),Granja do Ipê,convencional,250
444,26-nov.-20,305,Programa Reflorestar (convencional),Granja do Ipê,convencional,250
445,01-dez.-20,306,Programa Reflorestar (convencional),Granja do Ipê,convencional,100
446,19-out.-20,307,Programa Reflorestar (convencional),Granja do Ipê,convencional,100
447,04-dez.-20,307,Programa Reflorestar (convencional),Granja do Ipê,convencional,150
448,07-dez.-20,308,Programa Reflorestar (convencional),Granja do Ipê,convencional,250
449,10-dez.-20,309,Programa Reflorestar (convencional),Granja do Ipê,convencional,167
450,30-jan.-17,310,Programa Reflorestar (convencional),Granja do Ipê,convencional,222
451,26-ago.-20,311,Programa Reflorestar (convencional),Granja do Ipê,convencional,250
452,17-dez.-20,312,Programa Reflorestar (convencional),Granja do Ipê,convencional,250
453,01-jan.-21,314,Plano de Revit. Bacia Hidr. Alto Descoberto,Granja do Ipê,convencional,300
454,03-dez.-20,315,Plano de Revit. Bacia Hidr. Alto Descoberto,Granja do Ipê,convencional,400
455,10-dez.-20,316,Plano de Revit. Bacia Hidr. Alto Descoberto,Granja do Ipê,convencional,102
456,09-dez.-20,317,Plano de Revit. Bacia Hidr. Alto Descoberto,Granja do Ipê,convencional,150
457,10-dez.-20,318,Plano de Revit. Bacia Hidr. Alto Descoberto,Granja do Ipê,convencional,100
458,28-nov.-17,319,Plano de Revit. Bacia Hidr. Alto Descoberto,Granja do Ipê,convencional,310
459,28-nov.-17,319,Plano de Revit. Bacia Hidr. Alto Descoberto,Granja do Ipê,convencional,30
461,11-mar.-20,326,Programa Reflorestar (convencional),Granja do Ipê,convencional,50
462,01-set.-20,326,Programa Reflorestar (convencional),Granja do Ipê,convencional,110
463,17-dez.-12,327,Programa Reflorestar (convencional),Granja do Ipê,convencional,300
464,28-out.-20,327,Programa Reflorestar (convencional),Granja do Ipê,convencional,200
465,11-ago.-14,328,Programa Reflorestar (convencional),Casa do Cerrado,convencional,150
466,24-dez.-15,328,Programa Reflorestar (convencional),Granja do Ipê,convencional,200
467,26-out.-18,328,Programa Reflorestar (convencional),Granja do Ipê,convencional,200
468,22-nov.-19,328,Programa Reflorestar (convencional),Granja do Ipê,convencional,150
469,11-dez.-20,328,Programa Reflorestar (convencional),Granja do Ipê,convencional,150
470,11-dez.-20,328,Programa Reflorestar (convencional),Granja do Ipê,convencional,150
471,03-dez.-20,329,Programa Reflorestar (convencional),Granja do Ipê,convencional,250
472,06-jan.-21,330,Plano de Revit. Bacia Hidr. Alto Descoberto,Granja do Ipê,convencional,170
474,06-jan.-21,331,Plano de Revit. Bacia Hidr. Alto Descoberto,Granja do Ipê,convencional,90
475,06-jan.-21,332,Plano de Revit. Bacia Hidr. Alto Descoberto,Granja do Ipê,convencional,140
476,07-out.-20,333,Programa Reflorestar (convencional),Granja do Ipê,convencional,60
477,24-nov.-20,170,Plano de Revit. Bacia Hidr. Alto Descoberto,Granja do Ipê,convencional,310
478,07-dez.-20,334,Plano de Revit. Bacia Hidr. Alto Descoberto,Granja do Ipê,convencional,130
479,12-jan.-18,313,Programa Reflorestar (convencional),Granja do Ipê,convencional,100
480,12-jan.-18,313,Programa Reflorestar (convencional),Granja do Ipê,convencional,70
481,12-jan.-18,313,Programa Reflorestar (convencional),Granja do Ipê,convencional,30
482,16-nov.-18,313,Programa Reflorestar (convencional),Granja do Ipê,convencional,140
483,16-nov.-18,313,Programa Reflorestar (convencional),Granja do Ipê,convencional,250
484,22-out.-20,313,Programa Reflorestar (convencional),Granja do Ipê,convencional,100
485,18-out.-18,335,Programa Reflorestar (convencional),Granja do Ipê,convencional,250
486,13-dez.-19,335,Programa Reflorestar (convencional),Granja do Ipê,convencional,150
487,19-out.-20,335,Programa Reflorestar (convencional),Granja do Ipê,convencional,250
488,12-mar.-20,336,Programa Reflorestar (convencional),Granja do Ipê,convencional,350
489,09-dez.-20,337,Programa Reflorestar (convencional),Granja do Ipê,convencional,250
490,14-dez.-20,338,Programa Reflorestar (convencional),Granja do Ipê,convencional,250
491,14-out.-20,339,Programa Reflorestar (convencional),Granja do Ipê,convencional,250
492,31-jan.-20,340,Programa Reflorestar (convencional),Granja do Ipê,convencional,200
493,19-nov.-20,340,Programa Reflorestar (convencional),Granja do Ipê,convencional,160
494,10-mar.-20,290,Programa Reflorestar (convencional),Granja do Ipê,convencional,250
495,01-jun.-16,341,Programa Reflorestar (convencional),Granja do Ipê,convencional,100
496,28-set.-16,341,Programa Reflorestar (convencional),Granja do Ipê,convencional,150
497,14-dez.-16,341,Programa Reflorestar (convencional),Granja do Ipê,convencional,8
498,04-out.-17,341,Programa Reflorestar (convencional),Granja do Ipê,convencional,11
499,11-mar.-20,341,Programa Reflorestar (convencional),Granja do Ipê,convencional,16
500,28-fev.-20,342,Programa Reflorestar (convencional),Granja do Ipê,convencional,80
501,08-jan.-21,343,Plano de Revit. Bacia Hidr. Alto Descoberto,Granja do Ipê,convencional,135
502,08-jan.-21,344,Plano de Revit. Bacia Hidr. Alto Descoberto,Granja do Ipê,convencional,135
503,08-jan.-20,344,Programa Reflorestar (convencional),Granja do Ipê,convencional,50
504,04-dez.-20,345,Plano de Revit. Bacia Hidr. Alto Descoberto,Granja do Ipê,convencional,160
505,10-fev.-20,348,Programa Reflorestar (convencional),Granja do Ipê,convencional,200
506,20-fev.-20,348,Programa Reflorestar (convencional),Granja do Ipê,convencional,200
507,07-dez.-20,348,Programa Reflorestar (convencional),Granja do Ipê,convencional,250
508,09-dez.-20,350,Programa Reflorestar (convencional),Granja do Ipê,convencional,250
509,09-dez.-20,352,Programa Reflorestar (convencional),Granja do Ipê,convencional,250
510,06-nov.-09,353,Programa Reflorestar (convencional),Granja do Ipê,convencional,320
511,11-jan.-21,311,Programa Reflorestar (convencional),Granja do Ipê,convencional,250
512,11-jan.-21,358,Programa Reflorestar (convencional),Granja do Ipê,convencional,250
513,27-nov.-20,359,Programa Reflorestar (convencional),Granja do Ipê,convencional,250
514,09-ago.-14,364,Programa Reflorestar (convencional),Granja do Ipê,convencional,550
515,27-nov.-19,369,Programa Reflorestar (convencional),Granja do Ipê,convencional,10
516,20-nov.-19,369,Programa Reflorestar (convencional),Granja do Ipê,convencional,150
517,16-jan.-18,369,Programa Reflorestar (convencional),Granja do Ipê,convencional,150
518,06-mar.-18,369,Programa Reflorestar (convencional),Granja do Ipê,convencional,150
519,29-out.-18,369,Programa Reflorestar (convencional),Granja do Ipê,convencional,250
520,24-nov.-17,369,Programa Reflorestar (convencional),Granja do Ipê,convencional,155
521,24-nov.-17,369,Programa Reflorestar (convencional),Granja do Ipê,convencional,95
523,30-jan.-12,369,Programa Reflorestar (convencional),Granja do Ipê,convencional,300
524,29-dez.-15,369,Programa Reflorestar (convencional),Granja do Ipê,convencional,180
525,13-jan.-21,375,Programa Reflorestar (convencional),Granja do Ipê,convencional,100
526,13-dez.-16,285,Programa Reflorestar (convencional),Granja do Ipê,convencional,220
527,16-jan.-17,285,Programa Reflorestar (convencional),Granja do Ipê,convencional,230
529,13-nov.-17,285,Programa Reflorestar (convencional),Granja do Ipê,convencional,50
530,13-nov.-17,285,Programa Reflorestar (convencional),Granja do Ipê,convencional,150
531,16-nov.-17,285,Programa Reflorestar (convencional),Granja do Ipê,convencional,300
532,23-out.-18,285,Programa Reflorestar (convencional),Granja do Ipê,convencional,250
533,06-jan.-19,285,Programa Reflorestar (convencional),Granja do Ipê,convencional,150
535,09-dez.-20,378,Programa Reflorestar (convencional),Granja do Ipê,convencional,150
536,16-jan.-20,378,Programa Reflorestar (convencional),Granja do Ipê,convencional,250
537,27-nov.-20,378,Programa Reflorestar (convencional),Granja do Ipê,convencional,250
538,25-abr.-12,358,Programa Reflorestar (convencional),Casa do Cerrado,convencional,600
539,16-jan.-14,358,Programa Reflorestar (convencional),Casa do Cerrado,convencional,500
540,25-nov.-15,358,Programa Reflorestar (convencional),Granja do Ipê,convencional,700
541,09-dez.-20,379,Programa Reflorestar (convencional),Granja do Ipê,convencional,250
542,23-nov.-20,380,Programa Reflorestar (convencional),Granja do Ipê,convencional,250
543,26-nov.-20,381,Programa Reflorestar (convencional),Granja do Ipê,convencional,250
544,14-dez.-20,382,Programa Reflorestar (convencional),Granja do Ipê,convencional,60
545,02-mar.-18,380,Programa Reflorestar (convencional),Granja do Ipê,convencional,500
546,12-fev.-19,380,Programa Reflorestar (convencional),Granja do Ipê,convencional,500
547,18-dez.-20,383,Programa Reflorestar (convencional),Granja do Ipê,convencional,200
548,03-out.-09,384,Programa Reflorestar (convencional),Granja do Ipê,convencional,500
549,12-jan.-18,384,Programa Reflorestar (convencional),Granja do Ipê,convencional,200
550,31-out.-18,384,Programa Reflorestar (convencional),Granja do Ipê,convencional,250
551,01-dez.-20,384,Programa Reflorestar (convencional),Granja do Ipê,convencional,250
552,21-ago.-20,385,Programa Reflorestar (convencional),Granja do Ipê,convencional,300
553,13-jan.-21,386,Plano de Revit. Bacia Hidr. Alto Descoberto,Granja do Ipê,convencional,140
554,13-jan.-21,387,Plano de Revit. Bacia Hidr. Alto Descoberto,Granja do Ipê,convencional,150
555,13-jan.-21,388,Plano de Revit. Bacia Hidr. Alto Descoberto,Granja do Ipê,convencional,60
556,13-jan.-21,389,Plano de Revit. Bacia Hidr. Alto Descoberto,Granja do Ipê,convencional,150
557,13-jan.-21,390,Plano de Revit. Bacia Hidr. Alto Descoberto,Granja do Ipê,convencional,75
558,13-jan.-21,391,Plano de Revit. Bacia Hidr. Alto Descoberto,Granja do Ipê,convencional,75
559,20-set.-18,392,Programa Reflorestar (convencional),Granja do Ipê,convencional,200
560,11-dez.-18,392,Programa Reflorestar (convencional),Granja do Ipê,convencional,100
561,01-mar.-19,392,Programa Reflorestar (convencional),Granja do Ipê,convencional,150
562,04-set.-19,392,Programa Reflorestar (convencional),Granja do Ipê,convencional,150
563,04-set.-19,392,Programa Reflorestar (convencional),Granja do Ipê,convencional,150
564,29-jul.-20,392,Programa Reflorestar (convencional),Granja do Ipê,convencional,250
565,10-nov.-20,393,Programa Reflorestar (convencional),Granja do Ipê,convencional,50
566,26-out.-20,394,Produtor de Água Pipiripau,Granja do Ipê,convencional,1175
567,26-out.-20,395,Produtor de Água Pipiripau,Granja do Ipê,convencional,1314
568,23-out.-20,394,Produtor de Água Pipiripau,Granja do Ipê,convencional,3525
569,03-nov.-20,396,Produtor de Água Pipiripau,Granja do Ipê,convencional,1318
570,15-jan.-21,302,Programa Reflorestar (convencional),Granja do Ipê,convencional,250
571,15-jan.-21,292,Programa Reflorestar (convencional),Granja do Ipê,convencional,300
572,15-jan.-21,458,Produtor de Água Pipiripau,Granja do Ipê,convencional,203
573,15-jan.-21,400,Produtor de Água Pipiripau,Granja do Ipê,convencional,252
574,15-jan.-21,401,Produtor de Água Pipiripau,Granja do Ipê,convencional,604
575,15-jan.-21,402,Produtor de Água Pipiripau,Granja do Ipê,convencional,186
576,15-jan.-21,403,Produtor de Água Pipiripau,Granja do Ipê,convencional,142
577,15-jan.-21,404,Produtor de Água Pipiripau,Granja do Ipê,convencional,1613
578,06-out.-20,357,Programa Reflorestar (convencional),Granja do Ipê,convencional,200
579,27-fev.-18,357,Programa Reflorestar (convencional),Granja do Ipê,convencional,166
580,04-out.-13,405,Programa Reflorestar (convencional),Casa do Cerrado,convencional,20
581,21-out.-13,405,Programa Reflorestar (convencional),Casa do Cerrado,convencional,200
582,20-out.-20,405,Programa Reflorestar (convencional),Granja do Ipê,convencional,60
583,17-dez.-20,410,Produtor de Água Pipiripau,Granja do Ipê,convencional,350
584,12-nov.-20,407,Produtor de Água Pipiripau,Granja do Ipê,convencional,879
585,02-dez.-20,192,Produtor de Água Pipiripau,Granja do Ipê,convencional,2063
586,02-dez.-20,266,Produtor de Água Pipiripau,Granja do Ipê,convencional,987
587,08-dez.-20,408,Produtor de Água Pipiripau,Granja do Ipê,convencional,1696
588,08-dez.-20,192,Produtor de Água Pipiripau,Granja do Ipê,convencional,500
589,08-dez.-20,409,Produtor de Água Pipiripau,Granja do Ipê,convencional,804
590,10-dez.-20,410,Produtor de Água Pipiripau,Granja do Ipê,convencional,2105
591,10-dez.-20,408,Produtor de Água Pipiripau,Granja do Ipê,convencional,895
592,16-dez.-20,410,Produtor de Água Pipiripau,Granja do Ipê,convencional,3000
593,17-dez.-20,411,Produtor de Água Pipiripau,Granja do Ipê,convencional,800
596,17-dez.-20,251,Produtor de Água Pipiripau,Granja do Ipê,convencional,500
597,11-jan.-21,309,Programa Reflorestar (convencional),Granja do Ipê,convencional,250
598,17-dez.-20,412,Produtor de Água Pipiripau,Granja do Ipê,convencional,397
600,17-dez.-20,414,Produtor de Água Pipiripau,Granja do Ipê,convencional,938
601,29-jan.-20,415,Programa Reflorestar (convencional),Granja do Ipê,convencional,125
602,13-nov.-20,415,Programa Reflorestar (convencional),Granja do Ipê,convencional,125
603,25-nov.-20,416,Programa Reflorestar (convencional),Granja do Ipê,convencional,200
604,19-nov.-20,417,Programa Reflorestar (convencional),Granja do Ipê,convencional,200
605,19-jan.-21,425,Plano de Revit. Bacia Hidr. Alto Descoberto,Granja do Ipê,convencional,325
606,19-jan.-21,426,Plano de Revit. Bacia Hidr. Alto Descoberto,Granja do Ipê,convencional,175
607,11-nov.-20,427,Programa Reflorestar (convencional),Granja do Ipê,convencional,100
608,23-out.-20,427,Programa Reflorestar (convencional),Granja do Ipê,convencional,60
609,23-out.-20,427,Programa Reflorestar (convencional),Granja do Ipê,convencional,150
610,15-dez.-20,428,Programa Reflorestar (convencional),Granja do Ipê,convencional,250
611,09-out.-20,429,Programa Reflorestar (convencional),Granja do Ipê,convencional,100
612,18-ago.-20,430,Programa Reflorestar (convencional),Granja do Ipê,convencional,60
613,27-ago.-20,431,Programa Reflorestar (convencional),Granja do Ipê,convencional,15
614,27-ago.-20,432,Programa Reflorestar (convencional),Granja do Ipê,convencional,28
615,28-out.-20,433,Programa Reflorestar (convencional),Granja do Ipê,convencional,300
616,16-nov.-20,265,Programa Reflorestar (convencional),Granja do Ipê,convencional,50
617,18-nov.-20,265,Programa Reflorestar (convencional),Granja do Ipê,convencional,440
618,08-dez.-20,434,Programa Reflorestar (convencional),Granja do Ipê,convencional,250
619,03-nov.-20,435,Produtor de Água Pipiripau,Granja do Ipê,convencional,2193
620,17-dez.-20,443,Produtor de Água Pipiripau,Granja do Ipê,convencional,600
621,18-dez.-20,414,Produtor de Água Pipiripau,Granja do Ipê,convencional,350
622,18-dez.-20,406,Produtor de Água Pipiripau,Granja do Ipê,convencional,2050
623,17-dez.-20,406,Produtor de Água Pipiripau,Granja do Ipê,convencional,69
625,18-fev.-16,438,Programa Reflorestar (convencional),Granja do Ipê,convencional,300
626,22-ago.-12,439,Programa Reflorestar (convencional),Granja do Ipê,convencional,300
627,26-nov.-12,440,Programa Reflorestar (convencional),Granja do Ipê,convencional,100
628,17-mar.-14,441,Programa Reflorestar (convencional),Casa do Cerrado,convencional,10
629,28-fev.-14,442,Programa Reflorestar (convencional),Casa do Cerrado,convencional,170
630,27-fev.-14,442,Programa Reflorestar (convencional),Casa do Cerrado,convencional,160
631,21-jan.-21,444,Programa Reflorestar (convencional),Granja do Ipê,convencional,180
632,09-jan.-14,445,Programa Reflorestar (convencional),Casa do Cerrado,convencional,125
633,08-nov.-10,446,Programa Reflorestar (convencional),Granja do Ipê,convencional,100
634,01-jan.-10,447,Programa Reflorestar (convencional),Casa do Cerrado,convencional,1000
635,01-jan.-18,448,Programa Reflorestar (convencional),Granja do Ipê,convencional,300
636,16-out.-13,450,Programa Reflorestar (convencional),Casa do Cerrado,convencional,300
637,23-jan.-12,346,Programa Reflorestar (convencional),Granja do Ipê,convencional,300
638,21-nov.-13,346,Programa Reflorestar (convencional),Granja do Ipê,convencional,100
639,29-mai.-14,346,Programa Reflorestar (convencional),Casa do Cerrado,convencional,155
640,22-jan.-21,451,Programa Reflorestar (convencional),Granja do Ipê,convencional,20
641,05-set.-18,452,Plano de Revit. Bacia Hidr. Alto Descoberto,Granja do Ipê,convencional,250
643,20-out.-10,453,Programa Reflorestar (convencional),Granja do Ipê,convencional,50
644,19-mar.-12,454,Programa Reflorestar (convencional),Casa do Cerrado,convencional,300
645,07-ago.-13,454,Programa Reflorestar (convencional),Casa do Cerrado,convencional,200
646,19-ago.-13,454,Programa Reflorestar (convencional),Granja do Ipê,convencional,181
647,18-fev.-14,454,Programa Reflorestar (convencional),Casa do Cerrado,convencional,240
648,15-fev.-12,455,Programa Reflorestar (convencional),Granja do Ipê,convencional,400
649,25-out.-17,456,Programa Reflorestar (convencional),Granja do Ipê,convencional,270
651,26-jan.-21,177,Produtor de Água Pipiripau,Granja do Ipê,convencional,203
652,26-jan.-21,400,Produtor de Água Pipiripau,Granja do Ipê,convencional,156
653,26-jan.-21,177,Produtor de Água Pipiripau,Granja do Ipê,convencional,418
654,26-jan.-21,458,Produtor de Água Pipiripau,Granja do Ipê,convencional,1507
655,26-jan.-21,459,Produtor de Água Pipiripau,Granja do Ipê,convencional,716
657,26-jan.-21,460,Plano de Revit. Bacia Hidr. Alto Descoberto,Granja do Ipê,convencional,375
658,26-jan.-21,461,Plano de Revit. Bacia Hidr. Alto Descoberto,Granja do Ipê,convencional,200
660,27-jan.-21,282,Programa Reflorestar (convencional),Granja do Ipê,convencional,30
661,29-jan.-21,462,Plano de Revit. Bacia Hidr. Alto Descoberto,Granja do Ipê,convencional,152
662,01-fev.-21,464,Plano de Revit. Bacia Hidr. Alto Descoberto,Granja do Ipê,convencional,65
663,01-fev.-21,465,Plano de Revit. Bacia Hidr. Alto Descoberto,Granja do Ipê,convencional,150
664,29-jan.-21,398,Programa Reflorestar (convencional),Granja do Ipê,convencional,150
665,22-nov.-11,466,Programa Reflorestar (convencional),Casa do Cerrado,convencional,200
666,05-nov.-13,466,Programa Reflorestar (convencional),Granja do Ipê,convencional,100
667,07-nov.-16,466,Programa Reflorestar (convencional),Granja do Ipê,convencional,250
668,01-out.-12,467,Programa Reflorestar (convencional),Casa do Cerrado,convencional,25
669,12-jan.-16,468,Programa Reflorestar (convencional),Granja do Ipê,convencional,300
670,13-nov.-18,468,Programa Reflorestar (convencional),Granja do Ipê,convencional,250
671,13-jan.-12,469,Programa Reflorestar (convencional),Granja do Ipê,convencional,500
672,01-nov.-11,470,Programa Reflorestar (convencional),Granja do Ipê,convencional,200
673,25-nov.-17,467,Programa Reflorestar (convencional),Granja do Ipê,convencional,100
674,25-nov.-17,467,Programa Reflorestar (convencional),Granja do Ipê,convencional,100
675,01-out.-11,474,Programa Reflorestar (convencional),Casa do Cerrado,convencional,100
676,11-ago.-17,475,Programa Reflorestar (convencional),Granja do Ipê,convencional,10
677,08-nov.-18,476,Programa Reflorestar (convencional),Granja do Ipê,convencional,250
678,27-jun.-12,477,Programa Reflorestar (convencional),Casa do Cerrado,convencional,50
679,03-fev.-21,478,Plano de Revit. Bacia Hidr. Alto Descoberto,Granja do Ipê,convencional,95
680,03-fev.-21,479,Plano de Revit. Bacia Hidr. Alto Descoberto,Granja do Ipê,convencional,95
682,03-fev.-21,378,Programa Reflorestar (convencional),Granja do Ipê,convencional,300
683,14-fev.-20,444,Programa Reflorestar (convencional),Granja do Ipê,convencional,10
684,06-mar.-18,481,Programa Reflorestar (convencional),Granja do Ipê,convencional,200
685,25-jan.-16,482,Programa Reflorestar (convencional),Granja do Ipê,convencional,100
686,31-jan.-14,483,Programa Reflorestar (convencional),Casa do Cerrado,convencional,200
687,20-jun.-12,484,Programa Reflorestar (convencional),Casa do Cerrado,convencional,500
688,17-dez.-15,485,Programa Reflorestar (convencional),Granja do Ipê,convencional,500
689,16-dez.-13,486,Programa Reflorestar (convencional),Granja do Ipê,convencional,280
690,21-nov.-18,487,Programa Reflorestar (convencional),Granja do Ipê,convencional,250
691,01-abr.-12,488,Programa Reflorestar (convencional),Casa do Cerrado,convencional,175
692,08-fev.-21,380,Programa Reflorestar (convencional),Granja do Ipê,convencional,250
693,05-fev.-21,489,Plano de Revit. Bacia Hidr. Alto Descoberto,Granja do Ipê,convencional,233
694,01-out.-16,490,Programa Reflorestar (convencional),Granja do Ipê,convencional,100
695,21-out.-16,493,Programa Reflorestar (convencional),Granja do Ipê,convencional,50
696,20-dez.-16,494,Programa Reflorestar (convencional),Granja do Ipê,convencional,250
697,17-nov.-14,495,Programa Reflorestar (convencional),Casa do Cerrado,convencional,150
698,05-dez.-18,496,Programa Reflorestar (convencional),Granja do Ipê,convencional,50
699,14-mai.-15,497,Programa Reflorestar (convencional),Granja do Ipê,convencional,150
700,25-nov.-15,497,Programa Reflorestar (convencional),Granja do Ipê,convencional,150
701,05-jan.-12,498,Programa Reflorestar (convencional),Granja do Ipê,convencional,500
702,17-dez.-13,498,Programa Reflorestar (convencional),Granja do Ipê,convencional,60
703,21-jan.-14,499,Programa Reflorestar (convencional),Casa do Cerrado,convencional,500
704,01-nov.-16,499,Programa Reflorestar (convencional),Granja do Ipê,convencional,315
705,15-jan.-18,498,Programa Reflorestar (convencional),Granja do Ipê,convencional,250
706,11-jan.-11,501,Programa Reflorestar (convencional),Granja do Ipê,convencional,200
707,28-out.-11,501,Programa Reflorestar (convencional),Casa do Cerrado,convencional,200
708,18-nov.-13,501,Programa Reflorestar (convencional),Granja do Ipê,convencional,60
709,10-fev.-21,472,Programa Reflorestar (convencional),Granja do Ipê,convencional,100
710,03-dez.-13,502,Programa Reflorestar (convencional),Granja do Ipê,convencional,200
711,10-jan.-20,503,Programa Reflorestar (convencional),Granja do Ipê,convencional,250
712,27-jan.-20,504,Programa Reflorestar (convencional),Granja do Ipê,convencional,250
713,01-out.-11,505,Programa Reflorestar (convencional),Casa do Cerrado,convencional,800
714,10-fev.-18,506,Programa Reflorestar (convencional),Granja do Ipê,convencional,160
715,01-dez.-11,507,Programa Reflorestar (convencional),Casa do Cerrado,convencional,270
716,29-nov.-11,507,Programa Reflorestar (convencional),Granja do Ipê,convencional,290
717,07-jan.-16,508,Programa Reflorestar (convencional),Granja do Ipê,convencional,100
718,05-jan.-15,508,Programa Reflorestar (convencional),Granja do Ipê,convencional,200
719,24-set.-14,509,Programa Reflorestar (convencional),Casa do Cerrado,convencional,50
720,08-dez.-14,510,Programa Reflorestar (convencional),Casa do Cerrado,convencional,135
721,23-nov.-15,511,Programa Reflorestar (convencional),Granja do Ipê,convencional,250
722,23-nov.-12,512,Programa Reflorestar (convencional),Granja do Ipê,convencional,100
723,16-dez.-14,514,Programa Reflorestar (convencional),Casa do Cerrado,convencional,500
724,11-out.-16,515,Programa Reflorestar (convencional),Granja do Ipê,convencional,150
725,09-fev.-21,516,Plano de Revit. Bacia Hidr. Alto Descoberto,Granja do Ipê,convencional,135
726,09-fev.-21,518,Plano de Revit. Bacia Hidr. Alto Descoberto,Granja do Ipê,convencional,135
727,09-fev.-21,519,Programa Reflorestar (convencional),Granja do Ipê,convencional,35
728,09-fev.-21,520,Plano de Revit. Bacia Hidr. Alto Descoberto,Granja do Ipê,convencional,200
729,03-jan.-12,521,Programa Reflorestar (convencional),Granja do Ipê,convencional,230
730,11-fev.-21,522,Plano de Revit. Bacia Hidr. Alto Descoberto,Granja do Ipê,convencional,240
731,11-fev.-21,523,Plano de Revit. Bacia Hidr. Alto Descoberto,Granja do Ipê,convencional,190
733,12-fev.-21,524,Plano de Revit. Bacia Hidr. Alto Descoberto,Granja do Ipê,convencional,275
734,12-fev.-21,382,Programa Reflorestar (convencional),Granja do Ipê,convencional,26
735,12-fev.-21,472,Programa Reflorestar (convencional),Granja do Ipê,convencional,50
736,18-fev.-21,399,Produtor de Água Pipiripau,Granja do Ipê,convencional,203
737,19-fev.-21,526,Plano de Revit. Bacia Hidr. Alto Descoberto,Granja do Ipê,convencional,75
738,19-fev.-21,527,Plano de Revit. Bacia Hidr. Alto Descoberto,Granja do Ipê,convencional,130
739,19-fev.-21,528,Plano de Revit. Bacia Hidr. Alto Descoberto,Granja do Ipê,convencional,180
740,19-fev.-21,529,Plano de Revit. Bacia Hidr. Alto Descoberto,Granja do Ipê,convencional,140
741,22-fev.-21,530,Plano de Revit. Bacia Hidr. Alto Descoberto,Granja do Ipê,convencional,140
742,23-fev.-21,531,Plano de Revit. Bacia Hidr. Alto Descoberto,Granja do Ipê,convencional,250
743,23-fev.-21,532,Programa Reflorestar (convencional),Granja do Ipê,convencional,50
744,24-fev.-21,533,Plano de Revit. Bacia Hidr. Alto Descoberto,Granja do Ipê,convencional,140
745,24-fev.-21,534,Plano de Revit. Bacia Hidr. Alto Descoberto,Granja do Ipê,convencional,70
746,24-fev.-21,535,Plano de Revit. Bacia Hidr. Alto Descoberto,Granja do Ipê,convencional,100
747,24-fev.-21,423,Programa Reflorestar (convencional),Granja do Ipê,convencional,100
752,26-fev.-21,541,Plano de Revit. Bacia Hidr. Alto Descoberto,Granja do Ipê,convencional,245
753,26-fev.-21,542,Plano de Revit. Bacia Hidr. Alto Descoberto,Granja do Ipê,convencional,220
754,04-mar.-21,543,Plano de Revit. Bacia Hidr. Alto Descoberto,Granja do Ipê,convencional,200
755,03-mar.-21,544,Programa Reflorestar (convencional),Granja do Ipê,convencional,55
756,05-mar.-21,545,Plano de Revit. Bacia Hidr. Alto Descoberto,Granja do Ipê,convencional,400
757,05-mar.-21,546,Programa Reflorestar (convencional),Granja do Ipê,convencional,250
758,09-mar.-21,548,Plano de Revit. Bacia Hidr. Alto Descoberto,Granja do Ipê,convencional,110
759,09-mar.-21,549,Plano de Revit. Bacia Hidr. Alto Descoberto,Granja do Ipê,convencional,115
760,09-mar.-21,550,Plano de Revit. Bacia Hidr. Alto Descoberto,Granja do Ipê,convencional,230
761,10-mar.-21,551,Plano de Revit. Bacia Hidr. Alto Descoberto,Granja do Ipê,convencional,400
762,11-mar.-21,552,Plano de Revit. Bacia Hidr. Alto Descoberto,Granja do Ipê,convencional,170
763,12-mar.-21,553,Plano de Revit. Bacia Hidr. Alto Descoberto,Granja do Ipê,convencional,250
764,15-mar.-21,554,Plano de Revit. Bacia Hidr. Alto Descoberto,Granja do Ipê,convencional,165
765,16-mar.-21,555,Plano de Revit. Bacia Hidr. Alto Descoberto,Granja do Ipê,convencional,138
766,16-mar.-21,556,Plano de Revit. Bacia Hidr. Alto Descoberto,Granja do Ipê,convencional,210
767,16-mar.-21,557,Programa Reflorestar (convencional),Granja do Ipê,convencional,200
768,19-mar.-21,558,Programa Reflorestar (convencional),Granja do Ipê,convencional,50
769,22-mar.-21,559,Programa Reflorestar (convencional),Granja do Ipê,convencional,45
770,22-mar.-21,560,Programa Reflorestar (convencional),Granja do Ipê,convencional,30
771,24-mar.-21,561,Programa Reflorestar (convencional),Granja do Ipê,convencional,70
773,07-abr.-21,540,Programa Reflorestar (convencional),Granja do Ipê,convencional,100
774,06-abr.-21,564,Programa Reflorestar (convencional),Granja do Ipê,convencional,250
775,09-abr.-21,565,Programa Reflorestar (convencional),Granja do Ipê,convencional,250
776,26-abr.-21,566,Programa Reflorestar (convencional),Granja do Ipê,convencional,250
777,30-abr.-21,463,Programa Reflorestar (convencional),Granja do Ipê,convencional,250
778,05-mai.-21,571,Programa Reflorestar (convencional),Granja do Ipê,convencional,250
779,19-dez.-18,573,Programa Reflorestar (convencional),Granja do Ipê,convencional,250
780,14-mai.-21,466,Programa Reflorestar (convencional),Granja do Ipê,convencional,40
781,21-mai.-21,32,Programa Reflorestar (convencional),Granja do Ipê,convencional,13
782,01-jun.-21,642,Programa Reflorestar (convencional),Granja do Ipê,convencional,21
783,22-ago.-13,583,Programa Reflorestar (convencional),Granja do Ipê,convencional,500
785,17-mar.-15,584,Programa Reflorestar (convencional),Granja do Ipê,convencional,200
786,14-nov.-16,585,Programa Reflorestar (convencional),Granja do Ipê,convencional,500
787,17-fev.-16,586,Programa Reflorestar (convencional),Granja do Ipê,convencional,200
788,05-nov.-12,587,Programa Reflorestar (convencional),Casa do Cerrado,convencional,166
789,23-jan.-14,588,Programa Reflorestar (convencional),Casa do Cerrado,convencional,50
791,26-mar.-13,590,Programa Reflorestar (convencional),Casa do Cerrado,convencional,500
792,11-dez.-17,591,Programa Reflorestar (convencional),Granja do Ipê,convencional,150
793,13-nov.-12,592,Programa Reflorestar (convencional),Granja do Ipê,convencional,300
794,14-mai.-15,592,Programa Reflorestar (convencional),Granja do Ipê,convencional,200
795,28-mar.-14,593,Programa Reflorestar (convencional),Casa do Cerrado,convencional,200
796,15-mar.-13,594,Programa Reflorestar (convencional),Casa do Cerrado,convencional,1200
797,09-nov.-10,595,Programa Reflorestar (convencional),Granja do Ipê,convencional,200
798,07-out.-15,595,Programa Reflorestar (convencional),Granja do Ipê,convencional,100
799,21-out.-13,596,Programa Reflorestar (convencional),Granja do Ipê,convencional,200
800,07-nov.-18,597,Programa Reflorestar (convencional),Granja do Ipê,convencional,150
801,04-mai.-16,598,Programa Reflorestar (convencional),Granja do Ipê,convencional,200
802,24-jan.-12,599,Programa Reflorestar (convencional),Granja do Ipê,convencional,300
803,22-jan.-13,600,Programa Reflorestar (convencional),Granja do Ipê,convencional,361
804,20-dez.-19,602,Programa Reflorestar (convencional),Granja do Ipê,convencional,121
805,11-set.-14,604,Programa Reflorestar (convencional),Casa do Cerrado,convencional,230
806,27-jan.-20,605,Programa Reflorestar (convencional),Granja do Ipê,convencional,300
807,01-dez.-11,606,Programa Reflorestar (convencional),Casa do Cerrado,convencional,100
808,06-fev.-15,606,Programa Reflorestar (convencional),Casa do Cerrado,convencional,100
809,29-jan.-18,607,Programa Reflorestar (convencional),Granja do Ipê,convencional,350
810,01-nov.-11,608,Programa Reflorestar (convencional),Casa do Cerrado,convencional,100
811,06-nov.-12,608,Programa Reflorestar (convencional),Casa do Cerrado,convencional,100
812,10-jan.-14,609,Programa Reflorestar (convencional),Casa do Cerrado,convencional,100
813,01-jan.-18,610,Programa Reflorestar (convencional),Granja do Ipê,convencional,435
814,01-jan.-18,610,Programa Reflorestar (convencional),Casa do Cerrado,convencional,65
815,21-nov.-18,611,Programa Reflorestar (convencional),Granja do Ipê,convencional,250
816,27-ago.-13,612,Programa Reflorestar (convencional),Casa do Cerrado,convencional,160
817,17-nov.-15,612,Programa Reflorestar (convencional),Granja do Ipê,convencional,250
818,04-out.-12,613,Programa Reflorestar (convencional),Casa do Cerrado,convencional,100
819,01-mai.-11,614,Programa Reflorestar (convencional),Casa do Cerrado,convencional,500
821,08-fev.-13,617,Programa Reflorestar (convencional),Granja do Ipê,convencional,500
822,02-jan.-14,617,Programa Reflorestar (convencional),Granja do Ipê,convencional,500
823,09-jan.-17,617,Programa Reflorestar (convencional),Granja do Ipê,convencional,183
824,10-jan.-18,618,Programa Reflorestar (convencional),Granja do Ipê,convencional,300
825,18-jan.-18,620,Programa Reflorestar (convencional),Granja do Ipê,convencional,475
826,19-jan.-18,620,Programa Reflorestar (convencional),Casa do Cerrado,convencional,25
827,13-nov.-19,621,Programa Reflorestar (convencional),Granja do Ipê,convencional,150
828,14-ago.-15,622,Programa Reflorestar (convencional),Granja do Ipê,convencional,250
829,17-mai.-12,623,Programa Reflorestar (convencional),Casa do Cerrado,convencional,500
830,27-jan.-12,624,Programa Reflorestar (convencional),Granja do Ipê,convencional,150
831,05-dez.-13,624,Programa Reflorestar (convencional),Granja do Ipê,convencional,200
832,14-nov.-17,625,Programa Reflorestar (convencional),Casa do Cerrado,convencional,210
833,24-nov.-17,625,Programa Reflorestar (convencional),Granja do Ipê,convencional,130
834,23-abr.-14,626,Programa Reflorestar (convencional),Casa do Cerrado,convencional,220
835,02-abr.-15,627,Programa Reflorestar (convencional),Granja do Ipê,convencional,100
836,05-dez.-16,628,Programa Reflorestar (convencional),Granja do Ipê,convencional,300
837,26-jan.-18,629,Programa Reflorestar (convencional),Granja do Ipê,convencional,220
838,26-jan.-18,629,Programa Reflorestar (convencional),Casa do Cerrado,convencional,30
839,20-fev.-13,630,Programa Reflorestar (convencional),Granja do Ipê,convencional,100
840,02-abr.-12,631,Programa Reflorestar (convencional),Casa do Cerrado,convencional,200
841,19-abr.-12,632,Programa Reflorestar (convencional),Casa do Cerrado,convencional,200
843,03-fev.-09,633,Programa Reflorestar (convencional),Granja do Ipê,convencional,200
844,03-nov.-11,633,Programa Reflorestar (convencional),Granja do Ipê,convencional,200
845,14-nov.-13,634,Programa Reflorestar (convencional),Granja do Ipê,convencional,500
846,10-nov.-14,635,Programa Reflorestar (convencional),Casa do Cerrado,convencional,100
847,14-set.-13,636,Programa Reflorestar (convencional),Granja do Ipê,convencional,100
848,22-jan.-12,637,Programa Reflorestar (convencional),Granja do Ipê,convencional,50
849,03-set.-14,638,Programa Reflorestar (convencional),Casa do Cerrado,convencional,100
850,01-fev.-16,639,Programa Reflorestar (convencional),Granja do Ipê,convencional,250
851,01-nov.-18,639,Programa Reflorestar (convencional),Granja do Ipê,convencional,250
852,21-nov.-16,640,Programa Reflorestar (convencional),Granja do Ipê,convencional,250
853,01-dez.-16,641,Programa Reflorestar (convencional),Granja do Ipê,convencional,250
854,02-dez.-16,640,Programa Reflorestar (convencional),Granja do Ipê,convencional,250
855,12-dez.-16,640,Programa Reflorestar (convencional),Granja do Ipê,convencional,250
856,18-dez.-16,640,Programa Reflorestar (convencional),Granja do Ipê,convencional,280
857,05-jan.-17,640,Programa Reflorestar (convencional),Granja do Ipê,convencional,275
858,13-jan.-17,640,Programa Reflorestar (convencional),Granja do Ipê,convencional,300
859,18-jan.-17,640,Programa Reflorestar (convencional),Granja do Ipê,convencional,250
860,20-nov.-17,640,Programa Reflorestar (convencional),Granja do Ipê,convencional,250
861,01-nov.-17,640,Programa Reflorestar (convencional),Granja do Ipê,convencional,142
862,01-nov.-17,640,Programa Reflorestar (convencional),Casa do Cerrado,convencional,108
863,07-nov.-17,640,Programa Reflorestar (convencional),Casa do Cerrado,convencional,150
864,07-nov.-17,640,Programa Reflorestar (convencional),Granja do Ipê,convencional,100
865,14-nov.-17,640,Programa Reflorestar (convencional),Casa do Cerrado,convencional,180
866,08-nov.-17,640,Programa Reflorestar (convencional),Granja do Ipê,convencional,70
867,08-nov.-17,640,Programa Reflorestar (convencional),Casa do Cerrado,convencional,160
868,09-nov.-17,640,Programa Reflorestar (convencional),Granja do Ipê,convencional,90
869,07-nov.-19,643,Plano de Revit. Bacia Hidr. Alto Descoberto,Granja do Ipê,convencional,200
870,07-nov.-19,644,Plano de Revit. Bacia Hidr. Alto Descoberto,Granja do Ipê,convencional,200
871,20-dez.-11,646,Programa Reflorestar (convencional),Granja do Ipê,convencional,50
872,08-jan.-14,648,Programa Reflorestar (convencional),Casa do Cerrado,convencional,100
873,16-nov.-16,649,Programa Reflorestar (convencional),Granja do Ipê,convencional,1000
874,22-out.-12,650,Programa Reflorestar (convencional),Granja do Ipê,convencional,150
875,27-fev.-15,650,Programa Reflorestar (convencional),Casa do Cerrado,convencional,100
876,09-nov.-18,650,Programa Reflorestar (convencional),Granja do Ipê,convencional,20
877,29-jan.-18,651,Programa Reflorestar (convencional),Granja do Ipê,convencional,500
878,03-jan.-18,651,Programa Reflorestar (convencional),Granja do Ipê,convencional,250
879,01-jan.-11,652,Programa Reflorestar (convencional),Granja do Ipê,convencional,100
880,17-fev.-11,653,Programa Reflorestar (convencional),Granja do Ipê,convencional,200
881,23-jan.-12,653,Programa Reflorestar (convencional),Granja do Ipê,convencional,300
882,17-mar.-15,653,Programa Reflorestar (convencional),Granja do Ipê,convencional,500
883,18-dez.-13,654,Programa Reflorestar (convencional),Casa do Cerrado,convencional,100
884,29-jan.-18,655,Programa Reflorestar (convencional),Granja do Ipê,convencional,200
885,18-dez.-13,656,Programa Reflorestar (convencional),Casa do Cerrado,convencional,100
886,27-ago.-14,657,Programa Reflorestar (convencional),Casa do Cerrado,convencional,1200
887,27-fev.-11,658,Programa Reflorestar (convencional),Casa do Cerrado,convencional,300
888,29-jan.-13,658,Programa Reflorestar (convencional),Granja do Ipê,convencional,30
889,02-jan.-12,659,Programa Reflorestar (convencional),Granja do Ipê,convencional,250
890,01-mar.-13,660,Programa Reflorestar (convencional),Granja do Ipê,convencional,130
891,14-dez.-11,661,Programa Reflorestar (convencional),Granja do Ipê,convencional,500
892,01-jan.-18,662,Programa Reflorestar (convencional),Granja do Ipê,convencional,100
893,01-ago.-12,664,Programa Reflorestar (convencional),Granja do Ipê,convencional,170
894,09-ago.-13,665,Programa Reflorestar (convencional),Casa do Cerrado,convencional,250
895,01-out.-11,670,Programa Reflorestar (convencional),Casa do Cerrado,convencional,300
896,01-nov.-13,670,Programa Reflorestar (convencional),Granja do Ipê,convencional,150
897,22-abr.-13,671,Programa Reflorestar (convencional),Granja do Ipê,convencional,593
898,06-mar.-18,672,Programa Reflorestar (convencional),Granja do Ipê,convencional,150
899,02-fev.-18,673,Programa Reflorestar (convencional),Granja do Ipê,convencional,50
900,16-jan.-13,674,Programa Reflorestar (convencional),Granja do Ipê,convencional,650
901,09-jan.-18,675,Programa Reflorestar (convencional),Granja do Ipê,convencional,75
902,09-jan.-18,675,Programa Reflorestar (convencional),Casa do Cerrado,convencional,25
903,14-nov.-12,676,Programa Reflorestar (convencional),Granja do Ipê,convencional,150
904,05-dez.-13,676,Programa Reflorestar (convencional),Granja do Ipê,convencional,100
905,23-nov.-12,677,Programa Reflorestar (convencional),Casa do Cerrado,convencional,180
906,15-jan.-18,678,Programa Reflorestar (convencional),Granja do Ipê,convencional,250
908,16-mar.-15,664,Programa Reflorestar (convencional),Granja do Ipê,convencional,150
909,09-dez.-14,666,Programa Reflorestar (convencional),Casa do Cerrado,convencional,70
910,12-nov.-20,679,Programa Reflorestar (convencional),Granja do Ipê,convencional,300
911,12-nov.-18,680,Programa Reflorestar (convencional),Granja do Ipê,convencional,250
912,23-jan.-20,680,Programa Reflorestar (convencional),Granja do Ipê,convencional,250
913,07-mar.-13,681,Programa Reflorestar (convencional),Granja do Ipê,convencional,450
914,01-dez.-11,681,Programa Reflorestar (convencional),Granja do Ipê,convencional,300
915,11-jan.-17,681,Programa Reflorestar (convencional),Granja do Ipê,convencional,200
916,17-dez.-18,681,Programa Reflorestar (convencional),Granja do Ipê,convencional,200
917,20-dez.-13,682,Programa Reflorestar (convencional),Casa do Cerrado,convencional,100
918,20-nov.-12,683,Programa Reflorestar (convencional),Casa do Cerrado,convencional,150
919,27-nov.-13,683,Programa Reflorestar (convencional),Granja do Ipê,convencional,70
920,27-nov.-13,683,Programa Reflorestar (convencional),Casa do Cerrado,convencional,55
921,30-out.-18,683,Programa Reflorestar (convencional),Granja do Ipê,convencional,100
922,17-dez.-18,683,Programa Reflorestar (convencional),Granja do Ipê,convencional,110
923,11-jan.-17,690,Programa Reflorestar (convencional),Granja do Ipê,convencional,200
924,03-jan.-18,690,Programa Reflorestar (convencional),Granja do Ipê,convencional,135
925,03-jan.-18,690,Programa Reflorestar (convencional),Casa do Cerrado,convencional,65
926,29-set.-16,691,Programa Reflorestar (convencional),Granja do Ipê,convencional,250
927,28-jan.-16,691,Programa Reflorestar (convencional),Granja do Ipê,convencional,300
928,01-dez.-10,692,Programa Reflorestar (convencional),Granja do Ipê,convencional,500
929,31-jan.-13,693,Programa Reflorestar (convencional),Granja do Ipê,convencional,600
930,24-jan.-13,694,Programa Reflorestar (convencional),Casa do Cerrado,convencional,333
931,03-out.-14,695,Programa Reflorestar (convencional),Casa do Cerrado,convencional,100
932,01-jan.-13,696,Programa Reflorestar (convencional),Casa do Cerrado,convencional,350
933,12-fev.-15,697,Programa Reflorestar (convencional),Casa do Cerrado,convencional,100
934,01-nov.-11,698,Programa Reflorestar (convencional),Granja do Ipê,convencional,300
935,01-fev.-17,699,Programa Reflorestar (convencional),Granja do Ipê,convencional,300
936,07-nov.-17,699,Programa Reflorestar (convencional),Granja do Ipê,convencional,575
937,07-nov.-17,699,Programa Reflorestar (convencional),Casa do Cerrado,convencional,225
938,01-out.-11,700,Programa Reflorestar (convencional),Casa do Cerrado,convencional,205
939,29-nov.-17,701,Programa Reflorestar (convencional),Casa do Cerrado,convencional,225
940,31-ago.-11,702,Programa Reflorestar (convencional),Granja do Ipê,convencional,320
941,04-dez.-14,703,Programa Reflorestar (convencional),Granja do Ipê,convencional,300
942,16-nov.-17,704,Programa Reflorestar (convencional),Casa do Cerrado,convencional,200
943,10-nov.-17,705,Programa Reflorestar (convencional),Granja do Ipê,convencional,380
944,10-nov.-17,705,Programa Reflorestar (convencional),Casa do Cerrado,convencional,65
945,03-fev.-09,706,Programa Reflorestar (convencional),Granja do Ipê,convencional,400
946,05-nov.-09,706,Programa Reflorestar (convencional),Granja do Ipê,convencional,400
947,01-dez.-12,707,Programa Reflorestar (convencional),Granja do Ipê,convencional,50
948,04-nov.-09,708,Programa Reflorestar (convencional),Granja do Ipê,convencional,500
949,19-nov.-15,708,Programa Reflorestar (convencional),Granja do Ipê,convencional,200
950,27-nov.-17,709,Programa Reflorestar (convencional),Casa do Cerrado,convencional,200
951,14-dez.-17,710,Programa Reflorestar (convencional),Casa do Cerrado,convencional,50
953,26-abr.-12,711,Programa Reflorestar (convencional),Casa do Cerrado,convencional,1000
954,22-nov.-11,712,Programa Reflorestar (convencional),Casa do Cerrado,convencional,400
955,18-nov.-14,712,Programa Reflorestar (convencional),Granja do Ipê,convencional,200
957,06-nov.-13,713,Programa Reflorestar (convencional),Granja do Ipê,convencional,300
958,27-jan.-14,713,Programa Reflorestar (convencional),Casa do Cerrado,convencional,300
959,06-nov.-17,713,Programa Reflorestar (convencional),Granja do Ipê,convencional,105
960,06-nov.-17,713,Programa Reflorestar (convencional),Casa do Cerrado,convencional,195
961,03-fev.-09,714,Programa Reflorestar (convencional),Granja do Ipê,convencional,450
962,09-nov.-09,714,Programa Reflorestar (convencional),Granja do Ipê,convencional,450
963,10-out.-12,715,Programa Reflorestar (convencional),Casa do Cerrado,convencional,20
964,01-dez.-14,716,Programa Reflorestar (convencional),Granja do Ipê,convencional,450
965,14-nov.-17,717,Programa Reflorestar (convencional),Casa do Cerrado,convencional,305
966,14-nov.-17,717,Programa Reflorestar (convencional),Granja do Ipê,convencional,295
967,03-jan.-12,718,Programa Reflorestar (convencional),Granja do Ipê,convencional,120
968,19-dez.-13,718,Programa Reflorestar (convencional),Casa do Cerrado,convencional,150
969,27-nov.-17,718,Programa Reflorestar (convencional),Granja do Ipê,convencional,445
970,08-dez.-17,719,Programa Reflorestar (convencional),Casa do Cerrado,convencional,275
971,01-nov.-11,720,Programa Reflorestar (convencional),Casa do Cerrado,convencional,200
972,04-dez.-14,721,Programa Reflorestar (convencional),Granja do Ipê,convencional,200
973,01-dez.-18,722,Programa Reflorestar (convencional),Granja do Ipê,convencional,250
974,01-mar.-12,723,Programa Reflorestar (convencional),Casa do Cerrado,convencional,250
975,08-dez.-14,724,Programa Reflorestar (convencional),Granja do Ipê,convencional,150
976,18-dez.-12,725,Programa Reflorestar (convencional),Casa do Cerrado,convencional,50
977,13-nov.-12,726,Programa Reflorestar (convencional),Granja do Ipê,convencional,100
978,09-out.-15,728,Programa Reflorestar (convencional),Granja do Ipê,convencional,150
979,09-abr.-15,731,Programa Reflorestar (convencional),Granja do Ipê,convencional,160
980,18-dez.-13,732,Programa Reflorestar (convencional),Casa do Cerrado,convencional,80
981,05-jan.-12,734,Programa Reflorestar (convencional),Granja do Ipê,convencional,50
982,29-mar.-12,735,Programa Reflorestar (convencional),Granja do Ipê,convencional,2000
983,07-nov.-16,738,Programa Reflorestar (convencional),Granja do Ipê,convencional,500
984,17-dez.-18,739,Programa Reflorestar (convencional),Granja do Ipê,convencional,100
985,02-jan.-10,740,Programa Reflorestar (convencional),Casa do Cerrado,convencional,1000
986,01-dez.-10,741,Programa Reflorestar (convencional),Granja do Ipê,convencional,500
987,04-jan.-12,742,Programa Reflorestar (convencional),Granja do Ipê,convencional,109
988,02-jan.-17,759,Programa Reflorestar (convencional),Granja do Ipê,convencional,150
989,26-set.-16,763,Programa Reflorestar (convencional),Granja do Ipê,convencional,50
990,02-jan.-17,765,Programa Reflorestar (convencional),Granja do Ipê,convencional,50
991,03-nov.-17,754,Programa Reflorestar (convencional),Granja do Ipê,convencional,100
992,14-fev.-19,629,Programa Reflorestar (convencional),Granja do Ipê,convencional,135
993,25-jan.-19,775,Programa Reflorestar (convencional),Granja do Ipê,convencional,500
994,12-dez.-12,776,Programa Reflorestar (convencional),Granja do Ipê,convencional,1000
995,20-dez.-14,777,Programa Reflorestar (convencional),Granja do Ipê,convencional,260
996,03-dez.-18,777,Programa Reflorestar (convencional),Granja do Ipê,convencional,210
997,22-jan.-14,778,Programa Reflorestar (convencional),Casa do Cerrado,convencional,200
998,19-abr.-16,780,Programa Reflorestar (convencional),Granja do Ipê,convencional,300
999,19-dez.-15,781,Programa Reflorestar (convencional),Granja do Ipê,convencional,350
1000,21-nov.-13,782,Programa Reflorestar (convencional),Granja do Ipê,convencional,150
1001,04-abr.-12,783,Programa Reflorestar (convencional),Casa do Cerrado,convencional,250
1002,11-out.-13,785,Programa Reflorestar (convencional),Casa do Cerrado,convencional,500
1003,07-dez.-11,786,Programa Reflorestar (convencional),Casa do Cerrado,convencional,350
1004,01-nov.-13,787,Programa Reflorestar (convencional),Granja do Ipê,convencional,75
1005,11-out.-13,789,Programa Reflorestar (convencional),Casa do Cerrado,convencional,180
1006,05-jan.-13,790,Programa Reflorestar (convencional),Granja do Ipê,convencional,40
1007,14-dez.-18,791,Programa Reflorestar (convencional),Granja do Ipê,convencional,250
1008,05-jun.-12,792,Programa Reflorestar (convencional),Casa do Cerrado,convencional,45
1009,04-dez.-18,793,Programa Reflorestar (convencional),Granja do Ipê,convencional,250
1010,07-ago.-12,794,Programa Reflorestar (convencional),Casa do Cerrado,convencional,195
1011,07-out.-13,795,Programa Reflorestar (convencional),Casa do Cerrado,convencional,60
1012,04-dez.-14,796,Programa Reflorestar (convencional),Casa do Cerrado,convencional,300
1013,27-nov.-12,797,Programa Reflorestar (convencional),Casa do Cerrado,convencional,30
1014,13-jan.-20,798,Programa Reflorestar (convencional),Granja do Ipê,convencional,300
1015,16-dez.-14,799,Programa Reflorestar (convencional),Casa do Cerrado,convencional,300
1016,17-dez.-11,800,Programa Reflorestar (convencional),Casa do Cerrado,convencional,70
1017,09-dez.-19,801,Programa Reflorestar (convencional),Granja do Ipê,convencional,150
1018,16-jan.-20,801,Programa Reflorestar (convencional),Granja do Ipê,convencional,250
1019,16-jan.-20,801,Programa Reflorestar (convencional),Granja do Ipê,convencional,250
1020,27-nov.-20,801,Programa Reflorestar (convencional),Granja do Ipê,convencional,250
1021,03-fev.-21,801,Programa Reflorestar (convencional),Granja do Ipê,convencional,300
1022,15-out.-13,802,Programa Reflorestar (convencional),Casa do Cerrado,convencional,65
1023,13-nov.-13,803,Programa Reflorestar (convencional),Granja do Ipê,convencional,100
1024,01-mai.-11,804,Programa Reflorestar (convencional),Casa do Cerrado,convencional,550
1025,27-mar.-15,804,Programa Reflorestar (convencional),Granja do Ipê,convencional,200
1026,07-jan.-14,805,Programa Reflorestar (convencional),Casa do Cerrado,convencional,100
1027,18-dez.-13,806,Programa Reflorestar (convencional),Casa do Cerrado,convencional,500
1028,07-dez.-15,806,Programa Reflorestar (convencional),Granja do Ipê,convencional,250
1029,22-nov.-17,806,Programa Reflorestar (convencional),Granja do Ipê,convencional,330
1030,21-nov.-17,806,Programa Reflorestar (convencional),Casa do Cerrado,convencional,170
1031,07-dez.-11,807,Programa Reflorestar (convencional),Casa do Cerrado,convencional,500
1032,27-mar.-15,807,Programa Reflorestar (convencional),Granja do Ipê,convencional,250
1033,30-ago.-12,808,Programa Reflorestar (convencional),Casa do Cerrado,convencional,150
1034,03-nov.-17,809,Programa Reflorestar (convencional),Granja do Ipê,convencional,500
1035,05-dez.-17,810,Programa Reflorestar (convencional),Granja do Ipê,convencional,57
1036,05-dez.-17,810,Programa Reflorestar (convencional),Casa do Cerrado,convencional,63
1037,29-nov.-11,811,Programa Reflorestar (convencional),Granja do Ipê,convencional,300
1038,17-nov.-17,812,Programa Reflorestar (convencional),Casa do Cerrado,convencional,165
1039,17-nov.-17,812,Programa Reflorestar (convencional),Granja do Ipê,convencional,350
1040,04-fev.-14,813,Programa Reflorestar (convencional),Casa do Cerrado,convencional,400
1042,27-jan.-14,815,Programa Reflorestar (convencional),Casa do Cerrado,convencional,350
1043,16-nov.-18,815,Programa Reflorestar (convencional),Granja do Ipê,convencional,250
1044,02-nov.-16,817,Programa Reflorestar (convencional),Granja do Ipê,convencional,300
1045,30-abr.-19,818,Programa Reflorestar (convencional),Granja do Ipê,convencional,160
1046,30-jan.-20,818,Programa Reflorestar (convencional),Granja do Ipê,convencional,130
1047,30-jan.-12,819,Programa Reflorestar (convencional),Granja do Ipê,convencional,500
1048,16-jan.-14,820,Programa Reflorestar (convencional),Casa do Cerrado,convencional,180
1049,30-jan.-18,821,Programa Reflorestar (convencional),Granja do Ipê,convencional,500
1050,14-fev.-12,822,Programa Reflorestar (convencional),Granja do Ipê,convencional,250
1051,31-jan.-12,822,Programa Reflorestar (convencional),Granja do Ipê,convencional,250
1052,02-fev.-13,822,Programa Reflorestar (convencional),Granja do Ipê,convencional,300
1053,01-fev.-18,823,Programa Reflorestar (convencional),Granja do Ipê,convencional,200
1054,01-nov.-11,824,Programa Reflorestar (convencional),Casa do Cerrado,convencional,60
1055,08-nov.-18,825,Programa Reflorestar (convencional),Granja do Ipê,convencional,200
1056,14-nov.-12,826,Programa Reflorestar (convencional),Granja do Ipê,convencional,200
1057,15-fev.-16,826,Programa Reflorestar (convencional),Granja do Ipê,convencional,703
1058,01-dez.-11,827,Programa Reflorestar (convencional),Casa do Cerrado,convencional,350
1059,15-mar.-11,829,Programa Reflorestar (convencional),Granja do Ipê,convencional,1000
1060,13-nov.-12,829,Programa Reflorestar (convencional),Granja do Ipê,convencional,1000
1061,20-fev.-14,829,Programa Reflorestar (convencional),Casa do Cerrado,convencional,550
1062,08-mar.-18,830,Programa Reflorestar (convencional),Granja do Ipê,convencional,200
1063,29-jan.-14,831,Programa Reflorestar (convencional),Casa do Cerrado,convencional,150
1064,07-abr.-14,831,Programa Reflorestar (convencional),Casa do Cerrado,convencional,150
1065,03-dez.-18,831,Programa Reflorestar (convencional),Granja do Ipê,convencional,200
1066,21-fev.-19,832,Programa Reflorestar (convencional),Granja do Ipê,convencional,150
1067,01-dez.-16,835,Programa Reflorestar (convencional),Granja do Ipê,convencional,100
1068,01-jan.-17,837,Programa Reflorestar (convencional),Granja do Ipê,convencional,50
1069,07-nov.-18,838,Programa Reflorestar (convencional),Granja do Ipê,convencional,250
1070,07-dez.-18,839,Programa Reflorestar (convencional),Granja do Ipê,convencional,100
1071,01-abr.-13,840,Programa Reflorestar (convencional),Casa do Cerrado,convencional,300
1072,05-jan.-11,841,Programa Reflorestar (convencional),Granja do Ipê,convencional,1000
1073,20-nov.-12,843,Programa Reflorestar (convencional),Casa do Cerrado,convencional,200
1074,01-nov.-11,844,Programa Reflorestar (convencional),Casa do Cerrado,convencional,400
1075,17-ago.-12,846,Programa Reflorestar (convencional),Granja do Ipê,convencional,285
1076,01-nov.-11,847,Programa Reflorestar (convencional),Casa do Cerrado,convencional,300
1077,05-jan.-12,847,Programa Reflorestar (convencional),Granja do Ipê,convencional,115
1078,01-nov.-13,847,Programa Reflorestar (convencional),Granja do Ipê,convencional,210
1079,13-out.-14,847,Programa Reflorestar (convencional),Casa do Cerrado,convencional,500
1080,24-abr.-14,848,Programa Reflorestar (convencional),Casa do Cerrado,convencional,1100
1081,09-out.-12,849,Programa Reflorestar (convencional),Casa do Cerrado,convencional,250
1082,20-set.-13,850,Programa Reflorestar (convencional),Casa do Cerrado,convencional,230
1084,12-nov.-12,852,Programa Reflorestar (convencional),Casa do Cerrado,convencional,200
1085,15-out.-12,853,Programa Reflorestar (convencional),Granja do Ipê,convencional,200
1086,19-dez.-12,854,Programa Reflorestar (convencional),Casa do Cerrado,convencional,250
1087,05-dez.-13,855,Programa Reflorestar (convencional),Granja do Ipê,convencional,180
1088,01-jan.-17,856,Programa Reflorestar (convencional),Granja do Ipê,convencional,50
1089,12-nov.-11,858,Programa Reflorestar (convencional),Casa do Cerrado,convencional,500
1090,08-abr.-13,858,Programa Reflorestar (convencional),Casa do Cerrado,convencional,500
1091,28-fev.-18,859,Programa Reflorestar (convencional),Granja do Ipê,convencional,300
1092,03-ago.-12,862,Programa Reflorestar (convencional),Casa do Cerrado,convencional,100
1093,04-out.-13,862,Programa Reflorestar (convencional),Granja do Ipê,convencional,50
1094,29-out.-18,863,Programa Reflorestar (convencional),Granja do Ipê,convencional,250
1095,23-nov.-16,864,Programa Reflorestar (convencional),Granja do Ipê,convencional,200
1096,03-jan.-12,865,Programa Reflorestar (convencional),Granja do Ipê,convencional,100
1097,20-set.-21,1020,Programa Reflorestar (convencional),Granja do Ipê,convencional,50
1099,14-mai.-12,861,Programa Reflorestar (convencional),Casa do Cerrado,convencional,400
1100,02-fev.-11,866,Programa Reflorestar (convencional),Casa do Cerrado,convencional,400
1101,05-jan.-09,868,Programa Reflorestar (convencional),Granja do Ipê,convencional,300
1102,04-mai.-15,869,Programa Reflorestar (convencional),Granja do Ipê,convencional,200
1103,23-set.-16,870,Programa Reflorestar (convencional),Granja do Ipê,convencional,100
1104,18-nov.-14,871,Programa Reflorestar (convencional),Granja do Ipê,convencional,145
1105,05-dez.-12,872,Programa Reflorestar (convencional),Casa do Cerrado,convencional,100
1106,13-fev.-19,872,Programa Reflorestar (convencional),Granja do Ipê,convencional,160
1107,03-dez.-20,873,Programa Reflorestar (convencional),Granja do Ipê,convencional,50
1108,18-dez.-13,874,Programa Reflorestar (convencional),Casa do Cerrado,convencional,140
1109,01-mar.-12,875,Programa Reflorestar (convencional),Casa do Cerrado,convencional,500
1110,25-fev.-13,875,Programa Reflorestar (convencional),Casa do Cerrado,convencional,1000
1111,07-abr.-15,875,Programa Reflorestar (convencional),Granja do Ipê,convencional,200
1112,22-dez.-15,875,Programa Reflorestar (convencional),Granja do Ipê,convencional,250
1113,09-nov.-17,875,Programa Reflorestar (convencional),Granja do Ipê,convencional,898
1114,05-jan.-17,875,Programa Reflorestar (convencional),Granja do Ipê,convencional,220
1115,05-jan.-17,875,Programa Reflorestar (convencional),Casa do Cerrado,convencional,280
1116,12-ago.-19,875,Programa Reflorestar (convencional),Granja do Ipê,convencional,200
1117,20-fev.-12,876,Programa Reflorestar (convencional),Casa do Cerrado,convencional,200
1118,26-mar.-13,876,Programa Reflorestar (convencional),Casa do Cerrado,convencional,250
1119,11-abr.-14,876,Programa Reflorestar (convencional),Casa do Cerrado,convencional,320
1120,09-ago.-12,878,Programa Reflorestar (convencional),Casa do Cerrado,convencional,300
1121,25-jan.-18,879,Programa Reflorestar (convencional),Granja do Ipê,convencional,450
1122,25-jan.-18,879,Programa Reflorestar (convencional),Casa do Cerrado,convencional,50
1123,31-mar.-11,880,Programa Reflorestar (convencional),Casa do Cerrado,convencional,100
1124,01-out.-11,880,Programa Reflorestar (convencional),Casa do Cerrado,convencional,1000
1125,25-fev.-14,880,Programa Reflorestar (convencional),Casa do Cerrado,convencional,100
1126,23-dez.-19,880,Programa Reflorestar (convencional),Granja do Ipê,convencional,100
1127,24-mar.-14,881,Programa Reflorestar (convencional),Casa do Cerrado,convencional,1000
1128,01-nov.-15,882,Programa Reflorestar (convencional),Granja do Ipê,convencional,250
1129,21-mar.-14,883,Programa Reflorestar (convencional),Casa do Cerrado,convencional,70
1130,21-jan.-14,884,Programa Reflorestar (convencional),Casa do Cerrado,convencional,70
1131,16-dez.-13,885,Programa Reflorestar (convencional),Granja do Ipê,convencional,250
1132,17-nov.-13,886,Programa Reflorestar (convencional),Casa do Cerrado,convencional,500
1133,19-dez.-16,886,Programa Reflorestar (convencional),Granja do Ipê,convencional,700
1134,20-fev.-14,887,Programa Reflorestar (convencional),Casa do Cerrado,convencional,1000
1135,08-dez.-13,888,Programa Reflorestar (convencional),Casa do Cerrado,convencional,100
1136,01-mar.-17,889,Programa Reflorestar (convencional),Granja do Ipê,convencional,250
1137,15-mar.-17,889,Programa Reflorestar (convencional),Granja do Ipê,convencional,280
1138,18-nov.-19,891,Programa Reflorestar (convencional),Granja do Ipê,convencional,53
1139,11-ago.-21,892,Programa Reflorestar (convencional),Granja do Ipê,convencional,200
1140,11-nov.-16,894,Programa Reflorestar (convencional),Granja do Ipê,convencional,500
1141,01-fev.-17,894,Programa Reflorestar (convencional),Granja do Ipê,convencional,415
1142,10-jul.-12,895,Programa Reflorestar (convencional),Casa do Cerrado,convencional,500
1143,05-nov.-11,896,Programa Reflorestar (convencional),Casa do Cerrado,convencional,50
1144,20-nov.-09,897,Programa Reflorestar (convencional),Granja do Ipê,convencional,600
1145,07-jan.-19,897,Programa Reflorestar (convencional),Granja do Ipê,convencional,250
1146,01-abr.-13,898,Programa Reflorestar (convencional),Granja do Ipê,convencional,50
1147,22-abr.-13,898,Programa Reflorestar (convencional),Granja do Ipê,convencional,65
1148,26-jan.-18,899,Programa Reflorestar (convencional),Casa do Cerrado,convencional,50
1149,26-jan.-18,899,Programa Reflorestar (convencional),Granja do Ipê,convencional,450
1150,03-jul.-11,900,Programa Reflorestar (convencional),Casa do Cerrado,convencional,500
1151,21-fev.-20,216,Programa Reflorestar (convencional),Granja do Ipê,convencional,40
1152,28-out.-14,176,Programa Reflorestar (convencional),Casa do Cerrado,convencional,100
1153,04-dez.-15,176,Programa Reflorestar (convencional),Granja do Ipê,convencional,200
1154,28-jan.-16,176,Programa Reflorestar (convencional),Granja do Ipê,convencional,600
1155,10-out.-18,902,Programa Reflorestar (convencional),Granja do Ipê,convencional,250
1156,24-jan.-20,902,Programa Reflorestar (convencional),Granja do Ipê,convencional,100
1157,13-nov.-13,903,Programa Reflorestar (convencional),Casa do Cerrado,convencional,150
1158,20-nov.-18,904,Programa Reflorestar (convencional),Granja do Ipê,convencional,250
1159,01-jan.-17,905,Programa Reflorestar (convencional),Granja do Ipê,convencional,50
1160,05-set.-14,906,Programa Reflorestar (convencional),Casa do Cerrado,convencional,500
1161,21-nov.-18,907,Programa Reflorestar (convencional),Granja do Ipê,convencional,250
1163,15-mai.-12,910,Programa Reflorestar (convencional),Granja do Ipê,convencional,100
1164,24-fev.-12,911,Programa Reflorestar (convencional),Granja do Ipê,convencional,300
1165,22-dez.-15,912,Programa Reflorestar (convencional),Granja do Ipê,convencional,200
1166,03-set.-15,913,Programa Reflorestar (convencional),Granja do Ipê,convencional,200
1167,08-mar.-18,913,Programa Reflorestar (convencional),Granja do Ipê,convencional,150
1168,20-dez.-13,914,Programa Reflorestar (convencional),Casa do Cerrado,convencional,100
1169,17-jan.-18,914,Programa Reflorestar (convencional),Granja do Ipê,convencional,50
1170,13-out.-16,915,Programa Reflorestar (convencional),Granja do Ipê,convencional,500
1171,30-set.-15,916,Programa Reflorestar (convencional),Granja do Ipê,convencional,200
1172,23-set.-16,916,Programa Reflorestar (convencional),Granja do Ipê,convencional,250
1173,01-nov.-16,916,Programa Reflorestar (convencional),Granja do Ipê,convencional,250
1174,01-ago.-11,917,Programa Reflorestar (convencional),Casa do Cerrado,convencional,200
1175,22-jun.-14,917,Programa Reflorestar (convencional),Casa do Cerrado,convencional,120
1176,21-jan.-13,918,Programa Reflorestar (convencional),Granja do Ipê,convencional,250
1177,07-nov.-17,919,Programa Reflorestar (convencional),Granja do Ipê,convencional,305
1178,07-nov.-17,919,Programa Reflorestar (convencional),Casa do Cerrado,convencional,170
1179,01-nov.-11,920,Programa Reflorestar (convencional),Granja do Ipê,convencional,500
1180,29-nov.-16,920,Programa Reflorestar (convencional),Granja do Ipê,convencional,100
1181,28-mar.-12,921,Programa Reflorestar (convencional),Casa do Cerrado,convencional,250
1182,25-nov.-12,921,Programa Reflorestar (convencional),Casa do Cerrado,convencional,250
1183,17-dez.-13,922,Programa Reflorestar (convencional),Granja do Ipê,convencional,500
1184,27-nov.-13,923,Programa Reflorestar (convencional),Casa do Cerrado,convencional,80
1185,16-jan.-13,924,Programa Reflorestar (convencional),Casa do Cerrado,convencional,250
1186,16-nov.-13,924,Programa Reflorestar (convencional),Casa do Cerrado,convencional,100
1188,08-jan.-13,926,Programa Reflorestar (convencional),Casa do Cerrado,convencional,300
1189,13-dez.-11,927,Programa Reflorestar (convencional),Casa do Cerrado,convencional,300
1190,21-nov.-13,927,Programa Reflorestar (convencional),Casa do Cerrado,convencional,250
1191,07-nov.-16,908,Programa Reflorestar (convencional),Granja do Ipê,convencional,100
1192,15-mar.-13,929,Programa Reflorestar (convencional),Casa do Cerrado,convencional,250
1193,29-nov.-11,930,Programa Reflorestar (convencional),Casa do Cerrado,convencional,200
1194,29-out.-14,932,Programa Reflorestar (convencional),Casa do Cerrado,convencional,250
1195,04-abr.-15,932,Programa Reflorestar (convencional),Granja do Ipê,convencional,250
1196,25-fev.-15,933,Programa Reflorestar (convencional),Granja do Ipê,convencional,190
1197,10-mar.-15,933,Programa Reflorestar (convencional),Granja do Ipê,convencional,250
1198,06-out.-15,933,Programa Reflorestar (convencional),Granja do Ipê,convencional,200
1199,03-dez.-15,933,Programa Reflorestar (convencional),Granja do Ipê,convencional,250
1200,21-nov.-16,933,Programa Reflorestar (convencional),Granja do Ipê,convencional,150
1201,17-jan.-13,935,Programa Reflorestar (convencional),Granja do Ipê,convencional,50
1202,04-jul.-11,936,Programa Reflorestar (convencional),Granja do Ipê,convencional,700
1203,22-out.-18,937,Programa Reflorestar (convencional),Granja do Ipê,convencional,200
1204,02-mar.-11,938,Programa Reflorestar (convencional),Casa do Cerrado,convencional,1560
1205,31-jan.-13,939,Programa Reflorestar (convencional),Granja do Ipê,convencional,50
1206,30-jan.-14,939,Programa Reflorestar (convencional),Casa do Cerrado,convencional,50
1207,15-out.-12,940,Programa Reflorestar (convencional),Granja do Ipê,convencional,300
1208,19-jan.-18,941,Programa Reflorestar (convencional),Granja do Ipê,convencional,100
1209,22-jun.-21,473,Programa Reflorestar (convencional),Granja do Ipê,convencional,300
1210,05-jun.-11,947,Programa Reflorestar (convencional),Casa do Cerrado,convencional,2132
1211,11-dez.-12,947,Programa Reflorestar (convencional),Casa do Cerrado,convencional,803
1212,01-jan.-17,948,Programa Reflorestar (convencional),Granja do Ipê,convencional,300
1213,06-nov.-19,949,Programa Reflorestar (convencional),Granja do Ipê,convencional,150
1214,09-dez.-15,950,Programa Reflorestar (convencional),Granja do Ipê,convencional,100
1215,20-dez.-16,952,Programa Reflorestar (convencional),Granja do Ipê,convencional,16
1216,01-jan.-17,952,Programa Reflorestar (convencional),Casa do Cerrado,convencional,12
1217,05-jan.-10,953,Programa Reflorestar (convencional),Casa do Cerrado,convencional,2000
1218,05-out.-18,954,Programa Reflorestar (convencional),Granja do Ipê,convencional,250
1219,02-jan.-20,954,Programa Reflorestar (convencional),Granja do Ipê,convencional,150
1220,08-mar.-19,956,Programa Reflorestar (convencional),Granja do Ipê,convencional,150
1221,31-out.-18,957,Programa Reflorestar (convencional),Granja do Ipê,convencional,250
1222,12-set.-12,958,Programa Reflorestar (convencional),Granja do Ipê,convencional,500
1223,11-out.-16,960,Programa Reflorestar (convencional),Granja do Ipê,convencional,200
1224,07-dez.-17,960,Programa Reflorestar (convencional),Casa do Cerrado,convencional,300
1225,26-out.-18,962,Programa Reflorestar (convencional),Granja do Ipê,convencional,250
1226,21-dez.-18,963,Programa Reflorestar (convencional),Granja do Ipê,convencional,750
1227,11-jan.-16,964,Programa Reflorestar (convencional),Granja do Ipê,convencional,100
1228,22-nov.-18,965,Programa Reflorestar (convencional),Granja do Ipê,convencional,250
1229,29-set.-21,966,Programa Reflorestar (convencional),Granja do Ipê,convencional,80
1230,19-dez.-13,967,Programa Reflorestar (convencional),Casa do Cerrado,convencional,150
1231,01-abr.-11,968,Programa Reflorestar (convencional),Casa do Cerrado,convencional,1500
1232,25-nov.-15,968,Programa Reflorestar (convencional),Granja do Ipê,convencional,400
1233,27-jan.-16,968,Programa Reflorestar (convencional),Granja do Ipê,convencional,400
1234,24-mai.-12,969,Programa Reflorestar (convencional),Casa do Cerrado,convencional,500
1235,08-nov.-17,970,Programa Reflorestar (convencional),Casa do Cerrado,convencional,120
1236,08-nov.-17,970,Programa Reflorestar (convencional),Granja do Ipê,convencional,113
1237,02-mar.-11,972,Programa Reflorestar (convencional),Casa do Cerrado,convencional,1200
1238,30-jan.-18,973,Programa Reflorestar (convencional),Granja do Ipê,convencional,200
1239,23-nov.-12,974,Programa Reflorestar (convencional),Casa do Cerrado,convencional,300
1240,31-dez.-12,975,Programa Reflorestar (convencional),Casa do Cerrado,convencional,1000
1241,17-abr.-13,975,Programa Reflorestar (convencional),Granja do Ipê,convencional,1550
1242,18-abr.-13,975,Programa Reflorestar (convencional),Granja do Ipê,convencional,2410
1243,26-abr.-13,975,Programa Reflorestar (convencional),Casa do Cerrado,convencional,500
1244,03-mar.-14,975,Programa Reflorestar (convencional),Casa do Cerrado,convencional,1000
1245,04-out.-16,975,Programa Reflorestar (convencional),Granja do Ipê,convencional,1000
1246,13-dez.-17,975,Programa Reflorestar (convencional),Casa do Cerrado,convencional,500
1247,06-nov.-13,976,Programa Reflorestar (convencional),Casa do Cerrado,convencional,50
1248,01-jan.-17,981,Programa Reflorestar (convencional),Granja do Ipê,convencional,50
1249,01-jan.-17,982,Programa Reflorestar (convencional),Granja do Ipê,convencional,150
1252,10-ago.-12,985,Programa Reflorestar (convencional),Casa do Cerrado,convencional,600
1253,24-ago.-12,986,Programa Reflorestar (convencional),Granja do Ipê,convencional,160
1254,08-mar.-18,987,Programa Reflorestar (convencional),Granja do Ipê,convencional,250
1255,16-jan.-11,988,Programa Reflorestar (convencional),Casa do Cerrado,convencional,120
1256,05-jan.-13,989,Programa Reflorestar (convencional),Granja do Ipê,convencional,240
1257,04-dez.-15,989,Programa Reflorestar (convencional),Granja do Ipê,convencional,200
1258,25-jun.-13,990,Programa Reflorestar (convencional),Casa do Cerrado,convencional,230
1259,05-nov.-12,991,Programa Reflorestar (convencional),Casa do Cerrado,convencional,100
1260,22-jan.-21,422,Programa Reflorestar (convencional),Granja do Ipê,convencional,250
1261,29-jan.-13,992,Programa Reflorestar (convencional),Granja do Ipê,convencional,300
1262,27-nov.-14,993,Programa Reflorestar (convencional),Casa do Cerrado,convencional,270
1263,15-fev.-16,994,Programa Reflorestar (convencional),Granja do Ipê,convencional,300
1264,25-abr.-12,995,Programa Reflorestar (convencional),Casa do Cerrado,convencional,200
1265,11-nov.-15,996,Programa Reflorestar (convencional),Granja do Ipê,convencional,145
1266,18-out.-11,560,Programa Reflorestar (convencional),Casa do Cerrado,convencional,500
1267,27-nov.-13,560,Programa Reflorestar (convencional),Granja do Ipê,convencional,100
1268,06-nov.-13,997,Programa Reflorestar (convencional),Granja do Ipê,convencional,150
1269,03-jan.-12,999,Programa Reflorestar (convencional),Granja do Ipê,convencional,200
1270,02-ago.-12,1000,Programa Reflorestar (convencional),Casa do Cerrado,convencional,170
1271,04-out.-13,1001,Programa Reflorestar (convencional),Granja do Ipê,convencional,360
1272,03-out.-13,1001,Programa Reflorestar (convencional),Casa do Cerrado,convencional,200
1273,31-jan.-14,1001,Programa Reflorestar (convencional),Casa do Cerrado,convencional,300
1274,19-dez.-16,1001,Programa Reflorestar (convencional),Granja do Ipê,convencional,200
1275,14-dez.-17,1001,Programa Reflorestar (convencional),Granja do Ipê,convencional,200
1276,14-dez.-17,1001,Programa Reflorestar (convencional),Casa do Cerrado,convencional,100
1277,01-dez.-16,566,Programa Reflorestar (convencional),Granja do Ipê,convencional,1111
1278,07-nov.-11,1002,Programa Reflorestar (convencional),Granja do Ipê,convencional,500
1279,12-jan.-17,1003,Programa Reflorestar (convencional),Granja do Ipê,convencional,200
1280,19-nov.-18,1003,Programa Reflorestar (convencional),Granja do Ipê,convencional,200
1281,04-dez.-13,1004,Programa Reflorestar (convencional),Casa do Cerrado,convencional,150
1282,10-out.-12,1005,Programa Reflorestar (convencional),Casa do Cerrado,convencional,250
1283,18-out.-12,1005,Programa Reflorestar (convencional),Granja do Ipê,convencional,250
1284,19-mar.-12,1006,Programa Reflorestar (convencional),Casa do Cerrado,convencional,300
1286,02-fev.-15,1007,Programa Reflorestar (convencional),Granja do Ipê,convencional,200
1287,03-jan.-12,1008,Programa Reflorestar (convencional),Granja do Ipê,convencional,500
1288,02-mar.-12,1008,Programa Reflorestar (convencional),Casa do Cerrado,convencional,300
1289,24-out.-18,1010,Programa Reflorestar (convencional),Granja do Ipê,convencional,50
1290,01-out.-12,1011,Programa Reflorestar (convencional),Casa do Cerrado,convencional,20
1291,01-nov.-11,1012,Programa Reflorestar (convencional),Granja do Ipê,convencional,200
1292,17-dez.-18,1013,Programa Reflorestar (convencional),Granja do Ipê,convencional,200
1293,15-out.-12,1014,Programa Reflorestar (convencional),Granja do Ipê,convencional,500
1294,01-nov.-11,1015,Programa Reflorestar (convencional),Granja do Ipê,convencional,250
1295,18-dez.-13,1018,Programa Reflorestar (convencional),Casa do Cerrado,convencional,400
1296,30-jan.-13,1019,Programa Reflorestar (convencional),Granja do Ipê,convencional,50
1297,02-nov.-17,1024,Programa Reflorestar (convencional),Casa do Cerrado,convencional,330
1298,02-nov.-17,1024,Programa Reflorestar (convencional),Granja do Ipê,convencional,170
1299,01-jan.-17,1025,Programa Reflorestar (convencional),Granja do Ipê,convencional,100
1300,16-nov.-17,1026,Programa Reflorestar (convencional),Casa do Cerrado,convencional,150
1302,16-set.-21,1028,Programa Reflorestar (convencional),Granja do Ipê,convencional,250
1303,11-nov.-16,1029,Programa Reflorestar (convencional),Granja do Ipê,convencional,1000
1304,01-jan.-17,1030,Programa Reflorestar (convencional),Granja do Ipê,convencional,1200
1305,24-nov.-17,1030,Programa Reflorestar (convencional),Casa do Cerrado,convencional,600
1306,11-dez.-17,1031,Programa Reflorestar (convencional),Casa do Cerrado,convencional,100
1307,01-ago.-11,1032,Programa Reflorestar (convencional),Casa do Cerrado,convencional,200
1308,31-mar.-15,1033,Programa Reflorestar (convencional),Granja do Ipê,convencional,200
1310,20-set.-21,579,Programa Reflorestar (convencional),Granja do Ipê,convencional,300
1311,21-set.-21,1035,Programa Reflorestar (convencional),Granja do Ipê,convencional,250
1312,22-set.-21,842,Programa Reflorestar (convencional),Granja do Ipê,convencional,300
1313,27-set.-21,1036,Programa Reflorestar (convencional),Granja do Ipê,convencional,30
1314,29-set.-21,902,Programa Reflorestar (convencional),Granja do Ipê,convencional,100
1315,30-set.-21,640,Programa Reflorestar (convencional),Granja do Ipê,convencional,100
1316,08-out.-21,1038,Programa Reflorestar (convencional),Granja do Ipê,convencional,110
1317,08-out.-21,640,Programa Reflorestar (convencional),Granja do Ipê,convencional,150
1318,07-out.-21,302,Programa Reflorestar (convencional),Granja do Ipê,convencional,250
1319,08-out.-21,1037,Programa Reflorestar (convencional),Granja do Ipê,convencional,110
1320,07-out.-21,576,Programa Reflorestar (convencional),Granja do Ipê,convencional,50
1321,08-out.-21,1040,Programa Reflorestar (convencional),Granja do Ipê,convencional,250
1322,07-out.-21,943,Programa Reflorestar (convencional),Granja do Ipê,convencional,250
1323,08-out.-21,285,Programa Reflorestar (convencional),Granja do Ipê,convencional,250
1325,07-out.-21,1044,Programa Reflorestar (convencional),Granja do Ipê,convencional,250
1326,06-out.-21,977,Programa Reflorestar (convencional),Granja do Ipê,convencional,50
1327,08-out.-21,1048,Programa Reflorestar (convencional),Granja do Ipê,convencional,200
1328,15-out.-21,298,Programa Reflorestar (convencional),Granja do Ipê,convencional,200
1329,14-out.-21,745,Programa Reflorestar (convencional),Granja do Ipê,convencional,1000
1330,15-out.-21,562,Programa Reflorestar (convencional),Granja do Ipê,convencional,50
1331,15-out.-21,1046,Programa Reflorestar (convencional),Granja do Ipê,convencional,100
1332,15-out.-21,1049,Programa Reflorestar (convencional),Granja do Ipê,convencional,30
1333,15-out.-21,1050,Programa Reflorestar (convencional),Granja do Ipê,convencional,250
1334,15-out.-21,1045,Programa Reflorestar (convencional),Granja do Ipê,convencional,250
1335,15-out.-21,1051,Programa Reflorestar (convencional),Granja do Ipê,convencional,250
1336,15-out.-21,880,Programa Reflorestar (convencional),Granja do Ipê,convencional,85
1337,15-out.-21,1021,Programa Reflorestar (convencional),Granja do Ipê,convencional,100
1338,05-out.-21,979,Programa Reflorestar (convencional),Granja do Ipê,convencional,270
1339,18-out.-21,1058,Programa Reflorestar (convencional),Granja do Ipê,convencional,250
1340,18-out.-21,1059,Programa Reflorestar (convencional),Granja do Ipê,convencional,50
1341,18-out.-21,1060,Programa Reflorestar (convencional),Granja do Ipê,convencional,50
1342,18-out.-21,348,Programa Reflorestar (convencional),Granja do Ipê,convencional,250
1343,19-out.-21,335,Programa Reflorestar (convencional),Granja do Ipê,convencional,250
1344,19-out.-21,471,Programa Reflorestar (convencional),Granja do Ipê,convencional,250
1346,04-nov.-21,420,Programa Reflorestar (convencional),Granja do Ipê,convencional,200
1347,19-out.-21,1053,Programa Reflorestar (convencional),Granja do Ipê,convencional,250
1348,22-out.-21,578,Programa Reflorestar (convencional),Granja do Ipê,convencional,250
1349,25-out.-21,945,Programa Reflorestar (convencional),Granja do Ipê,convencional,250
1350,25-out.-21,539,Programa Reflorestar (convencional),Granja do Ipê,convencional,100
1351,25-out.-21,492,Programa Reflorestar (convencional),Granja do Ipê,convencional,250
1352,05-nov.-21,1057,Programa Reflorestar (convencional),Granja do Ipê,convencional,200
1353,25-out.-21,444,Programa Reflorestar (convencional),Granja do Ipê,convencional,100
1354,25-out.-21,1063,Programa Reflorestar (convencional),Granja do Ipê,convencional,100
1355,02-dez.-16,1068,Programa Reflorestar (convencional),Granja do Ipê,convencional,150
1356,01-jan.-17,1069,Programa Reflorestar (convencional),Granja do Ipê,convencional,50
1357,11-dez.-15,1070,Programa Reflorestar (convencional),Granja do Ipê,convencional,300
1358,17-dez.-18,1071,Programa Reflorestar (convencional),Granja do Ipê,convencional,250
1359,09-out.-17,1072,Programa Reflorestar (convencional),Casa do Cerrado,convencional,125
1360,06-nov.-17,1072,Programa Reflorestar (convencional),Granja do Ipê,convencional,75
1361,23-jan.-14,1073,Programa Reflorestar (convencional),Casa do Cerrado,convencional,200
1362,27-nov.-14,1073,Programa Reflorestar (convencional),Casa do Cerrado,convencional,130
1363,01-mar.-13,1074,Programa Reflorestar (convencional),Casa do Cerrado,convencional,300
1364,13-dez.-17,1075,Programa Reflorestar (convencional),Casa do Cerrado,convencional,340
1365,13-dez.-17,1075,Programa Reflorestar (convencional),Granja do Ipê,convencional,160
1366,27-nov.-11,1076,Programa Reflorestar (convencional),Granja do Ipê,convencional,30
1367,24-ago.-16,1076,Programa Reflorestar (convencional),Granja do Ipê,convencional,100
1368,01-dez.-16,1076,Programa Reflorestar (convencional),Granja do Ipê,convencional,800
1369,24-set.-18,1076,Programa Reflorestar (convencional),Granja do Ipê,convencional,200
1370,27-jan.-20,1076,Programa Reflorestar (convencional),Granja do Ipê,convencional,200
1371,22-set.-15,1077,Programa Reflorestar (convencional),Granja do Ipê,convencional,50
1372,01-out.-11,1079,Programa Reflorestar (convencional),Casa do Cerrado,convencional,120
1373,06-fev.-13,1080,Programa Reflorestar (convencional),Granja do Ipê,convencional,150
1374,20-dez.-17,1081,Programa Reflorestar (convencional),Granja do Ipê,convencional,100
1375,27-out.-21,581,Programa Reflorestar (convencional),Granja do Ipê,convencional,250
1376,13-fev.-20,1084,Programa Reflorestar (convencional),Granja do Ipê,convencional,50
1377,20-abr.-16,1085,Programa Reflorestar (convencional),Granja do Ipê,convencional,300
1378,18-out.-12,1086,Programa Reflorestar (convencional),Casa do Cerrado,convencional,300
1379,11-jan.-16,1088,Programa Reflorestar (convencional),Granja do Ipê,convencional,100
1380,26-out.-16,333,Programa Reflorestar (convencional),Granja do Ipê,convencional,60
1382,11-out.-16,1089,Programa Reflorestar (convencional),Granja do Ipê,convencional,500
1383,26-nov.-15,1091,Programa Reflorestar (convencional),Granja do Ipê,convencional,250
1384,29-out.-21,904,Programa Reflorestar (convencional),Granja do Ipê,convencional,250
1385,29-out.-21,274,Programa Reflorestar (convencional),Granja do Ipê,convencional,250
1386,01-ago.-12,1094,Programa Reflorestar (convencional),Casa do Cerrado,convencional,100
1387,09-abr.-13,1094,Programa Reflorestar (convencional),Casa do Cerrado,convencional,100
1388,10-mar.-13,1095,Programa Reflorestar (convencional),Granja do Ipê,convencional,300
1389,07-nov.-16,1096,Programa Reflorestar (convencional),Granja do Ipê,convencional,250
1390,04-nov.-11,1097,Programa Reflorestar (convencional),Granja do Ipê,convencional,500
1392,03-nov.-21,1099,Programa Reflorestar (convencional),Granja do Ipê,convencional,150
1393,03-nov.-21,1056,Programa Reflorestar (convencional),Granja do Ipê,convencional,300
1395,04-nov.-21,663,Programa Reflorestar (convencional),Granja do Ipê,convencional,250
1396,08-nov.-21,1100,Programa Reflorestar (convencional),Granja do Ipê,convencional,50
1397,09-nov.-21,1101,Programa Reflorestar (convencional),Granja do Ipê,convencional,270
1398,08-nov.-21,902,Programa Reflorestar (convencional),Granja do Ipê,convencional,150
1399,24-jun.-13,1104,Programa Reflorestar (convencional),Casa do Cerrado,convencional,50
1400,09-jan.-14,1105,Programa Reflorestar (convencional),Casa do Cerrado,convencional,200
1401,05-jan.-12,1106,Programa Reflorestar (convencional),Granja do Ipê,convencional,400
1402,04-out.-12,1107,Programa Reflorestar (convencional),Granja do Ipê,convencional,500
1403,29-out.-21,1108,Programa Reflorestar (convencional),Granja do Ipê,convencional,30
1404,05-nov.-21,405,Programa Reflorestar (convencional),Granja do Ipê,convencional,25
1405,08-nov.-21,752,Programa Reflorestar (convencional),Granja do Ipê,convencional,250
1406,08-nov.-21,1055,Programa Reflorestar (convencional),Granja do Ipê,convencional,50
1407,14-fev.-19,1121,Programa Reflorestar (convencional),Granja do Ipê,convencional,135
1408,10-nov.-21,1102,Programa Reflorestar (convencional),Granja do Ipê,convencional,137
1409,16-nov.-21,1114,Programa Reflorestar (convencional),Granja do Ipê,convencional,250
1410,16-nov.-21,1113,Programa Reflorestar (convencional),Granja do Ipê,convencional,250
1411,16-nov.-21,686,Programa Reflorestar (convencional),Granja do Ipê,convencional,50
1412,14-dez.-16,1122,Programa Reflorestar (convencional),Granja do Ipê,convencional,200
1413,11-nov.-21,1109,Programa Reflorestar (convencional),Granja do Ipê,convencional,900
1414,12-nov.-21,1112,Programa Reflorestar (convencional),Granja do Ipê,convencional,650
1415,12-nov.-21,1065,Programa Reflorestar (convencional),Granja do Ipê,convencional,150
1416,17-nov.-21,347,Programa Reflorestar (convencional),Granja do Ipê,convencional,250
1418,16-nov.-21,1117,Programa Reflorestar (convencional),Granja do Ipê,convencional,120
1419,18-nov.-21,309,Programa Reflorestar (convencional),Granja do Ipê,convencional,250
1420,17-nov.-21,1103,Programa Reflorestar (convencional),Granja do Ipê,convencional,200
1421,17-nov.-21,1054,Programa Reflorestar (convencional),Granja do Ipê,convencional,250
1422,19-nov.-21,1042,Programa Reflorestar (convencional),Granja do Ipê,convencional,130
1423,17-nov.-21,1043,Programa Reflorestar (convencional),Granja do Ipê,convencional,250
1424,18-nov.-21,1111,Programa Reflorestar (convencional),Granja do Ipê,convencional,700
1425,18-nov.-21,1110,Programa Reflorestar (convencional),Granja do Ipê,convencional,750
1426,18-nov.-21,559,Programa Reflorestar (convencional),Granja do Ipê,convencional,250
1427,25-nov.-21,1115,Programa Reflorestar (convencional),Granja do Ipê,convencional,250
1428,26-nov.-21,574,Programa Reflorestar (convencional),Granja do Ipê,convencional,100
1429,19-nov.-21,789,Programa Reflorestar (convencional),Granja do Ipê,convencional,100
1430,18-nov.-21,892,Programa Reflorestar (convencional),Granja do Ipê,convencional,250
1431,24-nov.-21,704,Programa Reflorestar (convencional),Granja do Ipê,convencional,150
1432,23-nov.-21,942,Programa Reflorestar (convencional),Granja do Ipê,convencional,100
1433,19-nov.-21,22,Programa Reflorestar (convencional),Granja do Ipê,convencional,250
1434,23-nov.-21,857,Programa Reflorestar (convencional),Granja do Ipê,convencional,250
1435,22-nov.-21,1124,Programa Reflorestar (convencional),Granja do Ipê,convencional,250
1436,22-nov.-21,1116,Programa Reflorestar (convencional),Granja do Ipê,convencional,250
1437,22-nov.-21,1023,Programa Reflorestar (convencional),Granja do Ipê,convencional,250
1438,19-nov.-21,1017,Programa Reflorestar (convencional),Granja do Ipê,convencional,100
1439,23-nov.-21,1126,Programa Reflorestar (convencional),Granja do Ipê,convencional,100
1440,23-nov.-21,1109,Programa Reflorestar (convencional),Granja do Ipê,convencional,230
1441,23-nov.-21,1127,Programa Reflorestar (convencional),Granja do Ipê,convencional,100
1442,23-nov.-21,540,Programa Reflorestar (convencional),Granja do Ipê,convencional,120
1444,24-nov.-21,423,Programa Reflorestar (convencional),Granja do Ipê,convencional,220
1445,24-nov.-21,756,Programa Reflorestar (convencional),Granja do Ipê,convencional,180
1446,23-nov.-21,1047,Programa Reflorestar (convencional),Granja do Ipê,convencional,130
1447,24-nov.-21,1059,Programa Reflorestar (convencional),Granja do Ipê,convencional,200
1448,25-nov.-21,980,Programa Reflorestar (convencional),Granja do Ipê,convencional,160
1449,27-nov.-21,1042,Programa Reflorestar (convencional),Granja do Ipê,convencional,120
1450,29-nov.-21,1128,Programa Reflorestar (convencional),Granja do Ipê,convencional,150
1451,01-dez.-21,685,Programa Reflorestar (convencional),Granja do Ipê,convencional,200
1452,03-dez.-21,842,Programa Reflorestar (convencional),Granja do Ipê,convencional,56
1453,06-dez.-21,744,Programa Reflorestar (convencional),Granja do Ipê,convencional,170
1454,09-dez.-21,1062,Programa Reflorestar (convencional),Granja do Ipê,convencional,150
1455,10-dez.-21,312,Programa Reflorestar (convencional),Granja do Ipê,convencional,250
1456,10-dez.-21,689,Programa Reflorestar (convencional),Granja do Ipê,convencional,250
1457,10-dez.-21,1093,Programa Reflorestar (convencional),Granja do Ipê,convencional,250
1458,10-dez.-21,977,Programa Reflorestar (convencional),Granja do Ipê,convencional,50
1459,10-dez.-21,978,Programa Reflorestar (convencional),Granja do Ipê,convencional,250
1460,13-dez.-21,1129,Programa Reflorestar (convencional),Granja do Ipê,convencional,250
1461,13-dez.-21,1130,Programa Reflorestar (convencional),Granja do Ipê,convencional,10
1462,14-dez.-21,576,Programa Reflorestar (convencional),Granja do Ipê,convencional,150
1463,15-dez.-21,1136,Programa Reflorestar (convencional),Granja do Ipê,convencional,250
1464,15-dez.-21,1137,Programa Reflorestar (convencional),Granja do Ipê,convencional,250
1465,17-dez.-21,378,Programa Reflorestar (convencional),Granja do Ipê,convencional,300
1466,17-dez.-21,571,Programa Reflorestar (convencional),Granja do Ipê,convencional,250
1467,20-dez.-21,1120,Programa Reflorestar (convencional),Granja do Ipê,convencional,150
1468,21-dez.-21,1066,Programa Reflorestar (convencional),Granja do Ipê,convencional,250
1469,21-dez.-21,1135,Programa Reflorestar (convencional),Granja do Ipê,convencional,200
1470,21-dez.-21,688,Programa Reflorestar (convencional),Granja do Ipê,convencional,200
1471,20-dez.-21,890,Programa Reflorestar (convencional),Granja do Ipê,convencional,300
1472,20-dez.-21,328,Programa Reflorestar (convencional),Granja do Ipê,convencional,250
1473,20-dez.-21,1133,Programa Reflorestar (convencional),Granja do Ipê,convencional,250
1474,20-dez.-21,1134,Programa Reflorestar (convencional),Granja do Ipê,convencional,250
1476,14-jan.-22,538,Programa Reflorestar (convencional),Granja do Ipê,convencional,250
1477,03-jan.-22,283,Programa Reflorestar (convencional),Granja do Ipê,convencional,100
1478,03-jan.-22,1092,Programa Reflorestar (convencional),Granja do Ipê,convencional,250
1479,03-jan.-22,1082,Programa Reflorestar (convencional),Granja do Ipê,convencional,150
1480,22-dez.-21,1138,Programa Reflorestar (convencional),Granja do Ipê,convencional,250
1481,03-jan.-22,1147,Programa Reflorestar (convencional),Granja do Ipê,convencional,250
1483,03-jan.-22,1048,Programa Reflorestar (convencional),Granja do Ipê,convencional,300
1484,03-jan.-22,998,Programa Reflorestar (convencional),Granja do Ipê,convencional,100
1487,03-jan.-22,536,Programa Reflorestar (convencional),Granja do Ipê,convencional,250
1488,03-jan.-22,376,Programa Reflorestar (convencional),Granja do Ipê,convencional,100
1489,17-dez.-21,617,Programa Reflorestar (convencional),Granja do Ipê,convencional,100
1490,05-jan.-22,1125,Programa Reflorestar (convencional),Granja do Ipê,convencional,250
1491,13-dez.-11,1149,Programa Reflorestar (convencional),Casa do Cerrado,convencional,222
1493,05-fev.-13,1150,Programa Reflorestar (convencional),Granja do Ipê,convencional,180
1494,07-mar.-16,1151,Programa Reflorestar (convencional),Granja do Ipê,convencional,300
1495,12-dez.-18,1152,Programa Reflorestar (convencional),Granja do Ipê,convencional,250
1496,18-out.-16,1153,Programa Reflorestar (convencional),Granja do Ipê,convencional,250
1497,25-out.-13,1154,Programa Reflorestar (convencional),Granja do Ipê,outros,30
1498,04-jan.-11,1155,Programa Reflorestar (convencional),Granja do Ipê,convencional,500
1499,09-fev.-12,1155,Programa Reflorestar (convencional),Granja do Ipê,convencional,1000
1500,04-jan.-13,1155,Programa Reflorestar (convencional),Granja do Ipê,convencional,50
1501,02-out.-15,1144,Programa Reflorestar (convencional),Granja do Ipê,convencional,100
1502,01-fev.-13,1156,Programa Reflorestar (convencional),Granja do Ipê,convencional,2000
1503,19-fev.-16,1156,Programa Reflorestar (convencional),Granja do Ipê,convencional,500
1504,28-nov.-16,1156,Programa Reflorestar (convencional),Granja do Ipê,convencional,1000
1505,03-jan.-22,1140,Programa Reflorestar (convencional),Granja do Ipê,convencional,250
1506,03-jan.-22,1143,Programa Reflorestar (convencional),Granja do Ipê,convencional,250
1507,21-nov.-18,1165,Programa Reflorestar (convencional),Granja do Ipê,convencional,250
1508,23-nov.-12,1166,Programa Reflorestar (convencional),Casa do Cerrado,convencional,95
1509,17-dez.-18,1167,Programa Reflorestar (convencional),Granja do Ipê,convencional,250
1510,23-abr.-12,1168,Programa Reflorestar (convencional),Casa do Cerrado,convencional,50
1511,01-fev.-22,601,Programa Reflorestar (convencional),Granja do Ipê,convencional,150
1513,07-ago.-14,752,Programa Reflorestar (convencional),Casa do Cerrado,convencional,300
1514,26-nov.-15,752,Programa Reflorestar (convencional),Granja do Ipê,convencional,100
1515,28-jan.-19,1170,Programa Reflorestar (convencional),Granja do Ipê,convencional,400
1516,09-dez.-15,1171,Programa Reflorestar (convencional),Granja do Ipê,eventos,200
1517,09-dez.-15,1171,Programa Reflorestar (convencional),Granja do Ipê,eventos,100
1518,04-nov.-11,1172,Programa Reflorestar (convencional),Granja do Ipê,convencional,140
1519,05-nov.-12,1173,Programa Reflorestar (convencional),Casa do Cerrado,convencional,70
1520,23-jul.-14,1174,Programa Reflorestar (convencional),Casa do Cerrado,convencional,130
1521,28-fev.-11,1176,Programa Reflorestar (convencional),Granja do Ipê,convencional,800
1522,15-fev.-11,1177,Programa Reflorestar (convencional),Granja do Ipê,convencional,50
1523,14-out.-13,1177,Programa Reflorestar (convencional),Casa do Cerrado,convencional,50
1524,27-nov.-17,1178,Programa Reflorestar (convencional),Casa do Cerrado,convencional,500
1525,15-fev.-13,1179,Programa Reflorestar (convencional),Granja do Ipê,convencional,150
1526,10-dez.-18,1180,Programa Reflorestar (convencional),Granja do Ipê,convencional,150
1527,06-jan.-22,1158,Programa Reflorestar (convencional),Granja do Ipê,convencional,250
1528,06-jan.-22,1160,Programa Reflorestar (convencional),Granja do Ipê,convencional,250
1529,06-jan.-22,1161,Programa Reflorestar (convencional),Granja do Ipê,convencional,250
1530,06-jan.-22,1159,Programa Reflorestar (convencional),Granja do Ipê,convencional,250
1531,06-jan.-22,1157,Programa Reflorestar (convencional),Granja do Ipê,convencional,250
1532,30-jan.-18,1182,Programa Reflorestar (convencional),Granja do Ipê,convencional,100
1533,02-dez.-10,1183,Programa Reflorestar (convencional),Granja do Ipê,convencional,550
1534,25-out.-11,1183,Programa Reflorestar (convencional),Casa do Cerrado,convencional,580
1535,10-abr.-12,1183,Programa Reflorestar (convencional),Casa do Cerrado,convencional,280
1536,31-ago.-12,1183,Programa Reflorestar (convencional),Granja do Ipê,convencional,200
1537,30-dez.-13,1183,Programa Reflorestar (convencional),Casa do Cerrado,convencional,260
1538,07-nov.-18,1183,Programa Reflorestar (convencional),Granja do Ipê,convencional,274
1539,03-out.-12,1184,Programa Reflorestar (convencional),Casa do Cerrado,convencional,350
1540,17-nov.-17,1185,Programa Reflorestar (convencional),Casa do Cerrado,convencional,155
1541,17-nov.-17,1185,Programa Reflorestar (convencional),Granja do Ipê,convencional,145
1543,02-mar.-11,1187,Programa Reflorestar (convencional),Casa do Cerrado,convencional,100
1544,16-nov.-13,1187,Programa Reflorestar (convencional),Casa do Cerrado,convencional,200
1545,03-dez.-09,1188,Programa Reflorestar (convencional),Granja do Ipê,convencional,200
1546,03-ago.-12,1189,Programa Reflorestar (convencional),Granja do Ipê,convencional,150
1547,10-nov.-13,1190,Programa Reflorestar (convencional),Casa do Cerrado,convencional,200
1548,21-ago.-12,1181,Programa Reflorestar (convencional),Casa do Cerrado,convencional,275
1549,18-nov.-17,1181,Programa Reflorestar (convencional),Casa do Cerrado,convencional,150
1550,27-nov.-18,1181,Programa Reflorestar (convencional),Granja do Ipê,convencional,200
1551,28-nov.-16,1191,Programa Reflorestar (convencional),Granja do Ipê,convencional,452
1552,24-jan.-17,1191,Programa Reflorestar (convencional),Granja do Ipê,convencional,40
1553,15-dez.-17,1191,Programa Reflorestar (convencional),Granja do Ipê,convencional,60
1554,27-nov.-13,1192,Programa Reflorestar (convencional),Casa do Cerrado,convencional,100
1555,06-jan.-22,303,Programa Reflorestar (convencional),Granja do Ipê,convencional,200
1556,06-jan.-22,1162,Programa Reflorestar (convencional),Granja do Ipê,convencional,150
1557,07-jan.-22,640,Programa Reflorestar (convencional),Granja do Ipê,convencional,150
1558,10-jan.-22,645,Programa Reflorestar (convencional),Granja do Ipê,convencional,100
1559,10-jan.-22,1169,Programa Reflorestar (convencional),Granja do Ipê,convencional,300
1560,10-jan.-22,364,Programa Reflorestar (convencional),Granja do Ipê,convencional,150
1561,10-jan.-22,1142,Programa Reflorestar (convencional),Granja do Ipê,convencional,250
1562,13-jan.-22,398,Programa Reflorestar (convencional),Granja do Ipê,convencional,150
1563,11-nov.-20,1193,Programa Reflorestar (convencional),Granja do Ipê,convencional,250
1564,12-jan.-22,1067,Programa Reflorestar (convencional),Granja do Ipê,convencional,250
1565,13-jan.-22,1139,Programa Reflorestar (convencional),Granja do Ipê,convencional,150
1566,03-mai.-12,1194,Programa Reflorestar (convencional),Casa do Cerrado,convencional,300
1567,31-out.-13,1194,Programa Reflorestar (convencional),Granja do Ipê,convencional,110
1568,28-nov.-18,1196,Programa Reflorestar (convencional),Granja do Ipê,convencional,100
1569,23-nov.-12,1198,Programa Reflorestar (convencional),Casa do Cerrado,convencional,50
1570,05-dez.-16,1200,Programa Reflorestar (convencional),Granja do Ipê,convencional,5000
1571,05-jun.-12,1201,Programa Reflorestar (convencional),Casa do Cerrado,convencional,160
1572,15-fev.-13,1202,Programa Reflorestar (convencional),Granja do Ipê,convencional,300
1573,11-out.-13,1203,Programa Reflorestar (convencional),Casa do Cerrado,convencional,500
1574,20-nov.-14,1203,Programa Reflorestar (convencional),Granja do Ipê,convencional,350
1575,21-nov.-17,1203,Programa Reflorestar (convencional),Casa do Cerrado,convencional,255
1576,21-nov.-17,1203,Programa Reflorestar (convencional),Granja do Ipê,convencional,45
1577,13-jan.-22,419,Programa Reflorestar (convencional),Granja do Ipê,convencional,250
1578,14-jan.-22,944,Programa Reflorestar (convencional),Granja do Ipê,convencional,50
1579,01-jan.-17,1037,Programa Reflorestar (convencional),Granja do Ipê,convencional,150
1580,31-jan.-13,1204,Programa Reflorestar (convencional),Granja do Ipê,convencional,150
1581,21-jan.-13,1204,Programa Reflorestar (convencional),Granja do Ipê,convencional,150
1582,28-nov.-18,1206,Programa Reflorestar (convencional),Granja do Ipê,convencional,100
1583,26-jan.-21,1108,Programa Reflorestar (convencional),Granja do Ipê,convencional,220
1584,14-jan.-22,687,Programa Reflorestar (convencional),Granja do Ipê,convencional,250
1585,13-jan.-22,640,Programa Reflorestar (convencional),Granja do Ipê,convencional,60
1589,20-jan.-20,1205,Programa Reflorestar (convencional),Granja do Ipê,convencional,60
1590,17-dez.-20,279,Programa Reflorestar (convencional),Granja do Ipê,convencional,65
1591,26-out.-18,1208,Programa Reflorestar (convencional),Granja do Ipê,convencional,100
1592,25-nov.-17,1209,Programa Reflorestar (convencional),Casa do Cerrado,convencional,100
1593,09-mar.-18,1210,Programa Reflorestar (convencional),Granja do Ipê,convencional,500
1594,29-mar.-16,1211,Programa Reflorestar (convencional),Granja do Ipê,convencional,300
1595,29-set.-16,546,Programa Reflorestar (convencional),Granja do Ipê,convencional,250
1596,01-dez.-11,1212,Programa Reflorestar (convencional),Casa do Cerrado,convencional,80
1597,17-jan.-12,1213,Programa Reflorestar (convencional),Granja do Ipê,convencional,300
1598,15-dez.-14,1216,Programa Reflorestar (convencional),Casa do Cerrado,convencional,30
1599,01-nov.-09,1217,Programa Reflorestar (convencional),Granja do Ipê,convencional,120
1600,09-nov.-09,1217,Programa Reflorestar (convencional),Granja do Ipê,convencional,120
1601,12-jun.-12,1218,Programa Reflorestar (convencional),Casa do Cerrado,convencional,250
1602,16-jan.-22,619,Programa Reflorestar (convencional),Granja do Ipê,convencional,200
1603,14-jan.-22,1053,Programa Reflorestar (convencional),Granja do Ipê,convencional,250
1604,18-jan.-22,1221,Programa Reflorestar (convencional),Granja do Ipê,convencional,302
1605,18-jan.-22,970,Programa Reflorestar (convencional),Granja do Ipê,convencional,250
1606,01-mar.-13,1222,Programa Reflorestar (convencional),Granja do Ipê,convencional,500
1607,19-abr.-13,1222,Programa Reflorestar (convencional),Casa do Cerrado,convencional,250
1608,04-abr.-14,1222,Programa Reflorestar (convencional),Casa do Cerrado,convencional,400
1609,28-set.-15,1222,Programa Reflorestar (convencional),Granja do Ipê,convencional,70
1610,15-dez.-17,1222,Programa Reflorestar (convencional),Granja do Ipê,convencional,85
1611,15-dez.-17,1222,Programa Reflorestar (convencional),Casa do Cerrado,convencional,215
1612,03-jan.-20,1222,Programa Reflorestar (convencional),Granja do Ipê,convencional,400
1613,01-set.-12,1224,Programa Reflorestar (convencional),Granja do Ipê,convencional,400
1614,21-nov.-18,1225,Programa Reflorestar (convencional),Granja do Ipê,convencional,250
1615,28-fev.-20,1226,Programa Reflorestar (convencional),Granja do Ipê,convencional,250
1617,15-set.-12,1227,Programa Reflorestar (convencional),Casa do Cerrado,convencional,100
1618,16-jan.-18,1228,Programa Reflorestar (convencional),Casa do Cerrado,convencional,200
1619,09-nov.-09,1229,Programa Reflorestar (convencional),Granja do Ipê,convencional,400
1620,15-dez.-16,1230,Programa Reflorestar (convencional),Granja do Ipê,convencional,220
1621,11-nov.-15,1231,Programa Reflorestar (convencional),Granja do Ipê,convencional,240
1622,23-nov.-16,1231,Programa Reflorestar (convencional),Granja do Ipê,convencional,250
1623,28-nov.-16,1232,Programa Reflorestar (convencional),Granja do Ipê,convencional,100
1624,19-jan.-22,378,Programa Reflorestar (convencional),Granja do Ipê,convencional,510
1625,27-jan.-12,1233,Programa Reflorestar (convencional),Granja do Ipê,convencional,50
1626,13-dez.-18,1234,Programa Reflorestar (convencional),Granja do Ipê,convencional,250
1627,01-mai.-12,1235,Programa Reflorestar (convencional),Casa do Cerrado,convencional,400
1628,25-mai.-12,1235,Programa Reflorestar (convencional),Casa do Cerrado,convencional,100
1629,08-jun.-13,1235,Programa Reflorestar (convencional),Casa do Cerrado,convencional,210
1630,15-nov.-13,1237,Programa Reflorestar (convencional),Granja do Ipê,convencional,500
1631,05-nov.-14,1237,Programa Reflorestar (convencional),Casa do Cerrado,convencional,200
1632,15-out.-11,1238,Programa Reflorestar (convencional),Casa do Cerrado,convencional,500
1633,20-out.-11,1238,Programa Reflorestar (convencional),Granja do Ipê,convencional,500
1634,25-mar.-14,1239,Programa Reflorestar (convencional),Casa do Cerrado,convencional,200
1635,15-jan.-13,1240,Programa Reflorestar (convencional),Granja do Ipê,convencional,250
1636,04-nov.-12,1241,Programa Reflorestar (convencional),Casa do Cerrado,convencional,150
1637,07-dez.-15,1242,Programa Reflorestar (convencional),Granja do Ipê,convencional,50
1638,14-mar.-15,1243,Produtor de Água Pipiripau,Granja do Ipê,convencional,50
1639,19-jan.-16,1244,Programa Reflorestar (convencional),Granja do Ipê,convencional,250
1640,12-dez.-17,1245,Programa Reflorestar (convencional),Granja do Ipê,convencional,500
1641,07-fev.-17,1246,Programa Reflorestar (convencional),Granja do Ipê,convencional,500
1642,28-jan.-19,1247,Programa Reflorestar (convencional),Granja do Ipê,convencional,145
1643,13-nov.-12,1248,Programa Reflorestar (convencional),Granja do Ipê,convencional,200
1644,10-mai.-12,1250,Programa Reflorestar (convencional),Granja do Ipê,convencional,200
1645,16-jun.-13,1250,Programa Reflorestar (convencional),Granja do Ipê,convencional,300
1646,12-dez.-11,1251,Programa Reflorestar (convencional),Casa do Cerrado,convencional,100
1647,12-nov.-20,1252,Programa Reflorestar (convencional),Granja do Ipê,convencional,300
1648,09-nov.-12,1253,Programa Reflorestar (convencional),Casa do Cerrado,convencional,500
1649,10-dez.-10,1254,Programa Reflorestar (convencional),Granja do Ipê,convencional,400
1650,30-jan.-12,1254,Programa Reflorestar (convencional),Granja do Ipê,convencional,300
1651,15-jan.-13,1254,Programa Reflorestar (convencional),Casa do Cerrado,convencional,300
1652,18-jan.-12,1255,Programa Reflorestar (convencional),Granja do Ipê,convencional,500
1653,10-jan.-13,1255,Programa Reflorestar (convencional),Granja do Ipê,convencional,500
1655,09-set.-13,1257,Programa Reflorestar (convencional),Casa do Cerrado,convencional,100
1656,19-dez.-12,1258,Programa Reflorestar (convencional),Casa do Cerrado,convencional,100
1657,21-jan.-22,978,Programa Reflorestar (convencional),Granja do Ipê,convencional,200
1658,12-set.-14,1259,Plano de Revit. Bacia Hidr. Alto Descoberto,Granja do Ipê,convencional,1000
1659,03-dez.-15,1259,Programa Reflorestar (convencional),Granja do Ipê,convencional,500
1660,24-jan.-22,1022,Programa Reflorestar (convencional),Granja do Ipê,convencional,300
1661,22-nov.-17,1260,Programa Reflorestar (convencional),Casa do Cerrado,convencional,200
1662,22-nov.-17,1260,Programa Reflorestar (convencional),Granja do Ipê,convencional,245
1663,03-mar.-14,1261,Programa Reflorestar (convencional),Casa do Cerrado,convencional,100
1664,29-mar.-12,1262,Programa Reflorestar (convencional),Casa do Cerrado,convencional,500
1665,01-dez.-14,1262,Programa Reflorestar (convencional),Granja do Ipê,convencional,200
1666,25-nov.-15,1263,Programa Reflorestar (convencional),Granja do Ipê,convencional,200
1667,01-jun.-12,1264,Programa Reflorestar (convencional),Casa do Cerrado,convencional,300
1668,18-dez.-17,1265,Programa Reflorestar (convencional),Casa do Cerrado,convencional,130
1669,18-dez.-17,1265,Programa Reflorestar (convencional),Granja do Ipê,convencional,120
1670,27-jan.-20,1266,Programa Reflorestar (convencional),Granja do Ipê,convencional,120
1671,12-nov.-14,1268,Programa Reflorestar (convencional),Granja do Ipê,convencional,215
1672,11-set.-12,1269,Programa Reflorestar (convencional),Granja do Ipê,convencional,600
1673,15-set.-12,1270,Programa Reflorestar (convencional),Casa do Cerrado,convencional,100
1674,17-nov.-14,1271,Programa Reflorestar (convencional),Granja do Ipê,convencional,350
1675,01-nov.-11,1273,Programa Reflorestar (convencional),Casa do Cerrado,convencional,50
1676,27-jan.-16,1274,Programa Reflorestar (convencional),Granja do Ipê,convencional,150
1677,02-fev.-16,1274,Programa Reflorestar (convencional),Granja do Ipê,convencional,100
1678,10-dez.-19,1275,Programa Reflorestar (convencional),Granja do Ipê,convencional,50
1679,21-nov.-13,1276,Programa Reflorestar (convencional),Casa do Cerrado,convencional,150
1680,14-jan.-13,1277,Programa Reflorestar (convencional),Granja do Ipê,convencional,1000
1681,25-abr.-13,1277,Programa Reflorestar (convencional),Granja do Ipê,convencional,70
1682,24-jun.-13,1277,Programa Reflorestar (convencional),Granja do Ipê,convencional,50
1683,28-nov.-13,1277,Programa Reflorestar (convencional),Granja do Ipê,convencional,125
1684,17-dez.-14,1277,Programa Reflorestar (convencional),Casa do Cerrado,convencional,250
1685,20-nov.-12,1278,Programa Reflorestar (convencional),Casa do Cerrado,convencional,50
1686,18-dez.-13,1280,Programa Reflorestar (convencional),Granja do Ipê,convencional,180
1687,01-nov.-11,1282,Programa Reflorestar (convencional),Granja do Ipê,convencional,250
1688,18-abr.-13,1282,Programa Reflorestar (convencional),Casa do Cerrado,convencional,250
1689,04-mar.-12,1283,Programa Reflorestar (convencional),Casa do Cerrado,convencional,100
1690,06-nov.-13,1283,Programa Reflorestar (convencional),Casa do Cerrado,convencional,150
1691,25-set.-12,1285,Programa Reflorestar (convencional),Granja do Ipê,convencional,210
1692,16-nov.-18,1232,Programa Reflorestar (convencional),Granja do Ipê,convencional,100
1693,23-out.-13,1286,Programa Reflorestar (convencional),Granja do Ipê,convencional,110
1694,07-dez.-15,1287,Programa Reflorestar (convencional),Granja do Ipê,convencional,50
1695,25-jan.-22,1144,Programa Reflorestar (convencional),Granja do Ipê,convencional,300
1696,12-nov.-15,1290,Programa Reflorestar (convencional),Granja do Ipê,convencional,250
1697,08-out.-15,1290,Programa Reflorestar (convencional),Granja do Ipê,convencional,250
1698,25-jun.-13,1291,Programa Reflorestar (convencional),Casa do Cerrado,convencional,1110
1699,02-jan.-14,1291,Programa Reflorestar (convencional),Granja do Ipê,convencional,500
1700,05-dez.-14,1291,Programa Reflorestar (convencional),Casa do Cerrado,convencional,500
1701,17-jan.-15,1291,Programa Reflorestar (convencional),Granja do Ipê,convencional,250
1702,11-nov.-17,1292,Programa Reflorestar (convencional),Granja do Ipê,convencional,111
1703,31-jan.-20,1293,Programa Reflorestar (convencional),Granja do Ipê,convencional,150
1704,13-dez.-11,1294,Programa Reflorestar (convencional),Casa do Cerrado,convencional,200
1705,12-dez.-12,1294,Programa Reflorestar (convencional),Casa do Cerrado,convencional,250
1706,21-jan.-13,1295,Programa Reflorestar (convencional),Granja do Ipê,convencional,300
1707,13-dez.-16,1296,Programa Reflorestar (convencional),Granja do Ipê,convencional,300
1708,24-jan.-12,1297,Programa Reflorestar (convencional),Granja do Ipê,convencional,120
1709,19-dez.-13,1297,Programa Reflorestar (convencional),Casa do Cerrado,convencional,120
1710,21-dez.-18,1298,Programa Reflorestar (convencional),Granja do Ipê,convencional,250
1711,31-ago.-12,1299,Programa Reflorestar (convencional),Granja do Ipê,convencional,600
1712,12-dez.-11,1300,Programa Reflorestar (convencional),Casa do Cerrado,convencional,250
1713,08-jan.-13,1300,Programa Reflorestar (convencional),Granja do Ipê,convencional,410
1714,28-nov.-13,1300,Programa Reflorestar (convencional),Granja do Ipê,convencional,85
1715,24-out.-14,1300,Programa Reflorestar (convencional),Casa do Cerrado,convencional,220
1716,25-jan.-18,1301,Programa Reflorestar (convencional),Granja do Ipê,convencional,500
1717,29-nov.-17,1301,Programa Reflorestar (convencional),Casa do Cerrado,convencional,500
1718,27-mar.-13,1304,Programa Reflorestar (convencional),Casa do Cerrado,convencional,200
1719,03-dez.-14,1305,Programa Reflorestar (convencional),Granja do Ipê,convencional,160
1720,24-nov.-11,1306,Programa Reflorestar (convencional),Casa do Cerrado,convencional,250
1721,04-fev.-14,1307,Programa Reflorestar (convencional),Casa do Cerrado,convencional,200
1722,10-jan.-18,1308,Programa Reflorestar (convencional),Granja do Ipê,convencional,225
1723,28-jan.-22,1131,Programa Reflorestar (convencional),Granja do Ipê,convencional,250
1725,28-jan.-22,302,Programa Reflorestar (convencional),Granja do Ipê,convencional,200
1726,28-jan.-22,1193,Programa Reflorestar (convencional),Granja do Ipê,convencional,400
1727,28-nov.-18,309,Programa Reflorestar (convencional),Granja do Ipê,convencional,400
1728,07-dez.-17,564,Programa Reflorestar (convencional),Casa do Cerrado,convencional,200
1729,14-set.-12,463,Programa Reflorestar (convencional),Granja do Ipê,convencional,500
1730,25-jan.-16,1311,Programa Reflorestar (convencional),Granja do Ipê,convencional,500
1731,06-dez.-16,1311,Programa Reflorestar (convencional),Granja do Ipê,convencional,800
1732,04-jan.-12,1312,Programa Reflorestar (convencional),Granja do Ipê,convencional,250
1733,06-fev.-14,1312,Programa Reflorestar (convencional),Casa do Cerrado,convencional,500
1734,21-nov.-16,1312,Programa Reflorestar (convencional),Granja do Ipê,convencional,250
1735,05-jan.-17,1312,Programa Reflorestar (convencional),Granja do Ipê,convencional,250
1736,30-ago.-12,1313,Programa Reflorestar (convencional),Casa do Cerrado,convencional,150
1737,01-out.-11,1315,Programa Reflorestar (convencional),Casa do Cerrado,convencional,600
1738,08-fev.-13,1315,Programa Reflorestar (convencional),Casa do Cerrado,convencional,420
1739,23-fev.-16,1316,Programa Reflorestar (convencional),Granja do Ipê,convencional,300
1740,28-set.-16,1316,Programa Reflorestar (convencional),Granja do Ipê,convencional,250
1741,05-jan.-17,1316,Programa Reflorestar (convencional),Granja do Ipê,convencional,500
1742,10-jan.-19,557,Programa Reflorestar (convencional),Granja do Ipê,convencional,100
1743,16-jan.-17,557,Programa Reflorestar (convencional),Granja do Ipê,convencional,160
1744,01-ago.-11,1317,Programa Reflorestar (convencional),Casa do Cerrado,convencional,600
1745,22-out.-09,1318,Programa Reflorestar (convencional),Granja do Ipê,convencional,200
1746,01-dez.-11,1319,Programa Reflorestar (convencional),Casa do Cerrado,convencional,500
1747,11-set.-14,1320,Programa Reflorestar (convencional),Casa do Cerrado,convencional,200
1748,25-out.-12,1321,Programa Reflorestar (convencional),Granja do Ipê,convencional,250
1749,08-nov.-10,1322,Programa Reflorestar (convencional),Granja do Ipê,convencional,300
1750,10-out.-12,1323,Programa Reflorestar (convencional),Casa do Cerrado,convencional,10
1751,20-nov.-12,1325,Programa Reflorestar (convencional),Casa do Cerrado,convencional,100
1752,18-nov.-11,1326,Programa Reflorestar (convencional),Casa do Cerrado,convencional,50
1753,03-fev.-22,1327,Programa Reflorestar (convencional),Granja do Ipê,convencional,250
1754,03-fev.-22,1328,Programa Reflorestar (convencional),Granja do Ipê,convencional,250
1755,03-fev.-22,1329,Programa Reflorestar (convencional),Granja do Ipê,convencional,250
1756,03-fev.-22,1330,Programa Reflorestar (convencional),Granja do Ipê,convencional,250
1757,03-fev.-22,1331,Programa Reflorestar (convencional),Granja do Ipê,convencional,250
1758,04-fev.-22,1339,Programa Reflorestar (convencional),Granja do Ipê,convencional,250
1759,04-fev.-22,1340,Programa Reflorestar (convencional),Granja do Ipê,convencional,250
1760,04-fev.-22,1334,Programa Reflorestar (convencional),Granja do Ipê,convencional,250
1761,04-fev.-22,1332,Programa Reflorestar (convencional),Granja do Ipê,convencional,250
1762,22-fev.-22,1333,Programa Reflorestar (convencional),Granja do Ipê,convencional,250
1763,04-fev.-22,1341,Programa Reflorestar (convencional),Granja do Ipê,convencional,150
1764,05-set.-14,1342,Programa Reflorestar (convencional),Casa do Cerrado,convencional,200
1765,23-mai.-12,1343,Programa Reflorestar (convencional),Casa do Cerrado,convencional,300
1766,06-set.-13,1345,Programa Reflorestar (convencional),Granja do Ipê,convencional,155
1767,25-nov.-19,1346,Programa Reflorestar (convencional),Granja do Ipê,convencional,100
1768,26-nov.-19,1346,Programa Reflorestar (convencional),Granja do Ipê,convencional,50
1769,17-jan.-18,1349,Programa Reflorestar (convencional),Granja do Ipê,convencional,155
1770,17-jan.-18,1349,Programa Reflorestar (convencional),Casa do Cerrado,convencional,45
1771,14-set.-12,1350,Programa Reflorestar (convencional),Granja do Ipê,convencional,600
1772,05-nov.-12,1352,Programa Reflorestar (convencional),Casa do Cerrado,convencional,110
1773,26-set.-12,1353,Programa Reflorestar (convencional),Casa do Cerrado,convencional,300
1774,08-fev.-22,1338,Programa Reflorestar (convencional),Granja do Ipê,convencional,50
1775,08-fev.-13,1354,Programa Reflorestar (convencional),Casa do Cerrado,convencional,155
1776,31-ago.-11,1355,Programa Reflorestar (convencional),Granja do Ipê,convencional,500
1777,12-nov.-18,1358,Programa Reflorestar (convencional),Granja do Ipê,convencional,250
1778,08-fev.-22,1359,Programa Reflorestar (convencional),Granja do Ipê,convencional,300
1779,25-jan.-16,1360,Programa Reflorestar (convencional),Granja do Ipê,convencional,2514
1780,25-jan.-16,1360,Programa Reflorestar (convencional),Granja do Ipê,convencional,5000
1781,10-fev.-22,423,Programa Reflorestar (convencional),Granja do Ipê,convencional,250
1782,01-jan.-17,1362,Programa Reflorestar (convencional),Granja do Ipê,convencional,245
1783,01-jan.-17,1362,Programa Reflorestar (convencional),Granja do Ipê,convencional,55
1784,08-fev.-13,1363,Programa Reflorestar (convencional),Granja do Ipê,convencional,150
1785,19-dez.-13,1363,Programa Reflorestar (convencional),Casa do Cerrado,convencional,100
1786,14-jan.-20,1364,Programa Reflorestar (convencional),Granja do Ipê,convencional,250
1787,28-nov.-12,1365,Programa Reflorestar (convencional),Casa do Cerrado,convencional,100
1788,15-out.-12,1368,Programa Reflorestar (convencional),Casa do Cerrado,convencional,20
1789,24-abr.-12,1369,Programa Reflorestar (convencional),Casa do Cerrado,convencional,100
1790,08-mar.-13,1369,Programa Reflorestar (convencional),Granja do Ipê,convencional,200
1791,29-dez.-10,1370,Programa Reflorestar (convencional),Granja do Ipê,convencional,230
1792,20-nov.-09,1371,Programa Reflorestar (convencional),Granja do Ipê,convencional,500
1793,07-jan.-14,1371,Programa Reflorestar (convencional),Casa do Cerrado,convencional,200
1794,12-fev.-15,1371,Programa Reflorestar (convencional),Casa do Cerrado,convencional,200
1795,24-nov.-15,1371,Programa Reflorestar (convencional),Granja do Ipê,convencional,250
1796,31-jan.-18,1371,Programa Reflorestar (convencional),Granja do Ipê,convencional,500
1797,25-abr.-12,1372,Programa Reflorestar (convencional),Casa do Cerrado,convencional,200
1798,26-jan.-16,1373,Programa Reflorestar (convencional),Granja do Ipê,convencional,200
1799,04-jan.-12,1374,Programa Reflorestar (convencional),Granja do Ipê,convencional,300
1800,17-out.-18,1375,Programa Reflorestar (convencional),Granja do Ipê,convencional,50
1801,11-nov.-11,1376,Programa Reflorestar (convencional),Casa do Cerrado,convencional,400
1802,19-dez.-13,1377,Programa Reflorestar (convencional),Casa do Cerrado,convencional,200
1803,30-jun.-12,1379,Programa Reflorestar (convencional),Casa do Cerrado,convencional,150
1804,22-fev.-13,1379,Programa Reflorestar (convencional),Casa do Cerrado,convencional,100
1805,25-jan.-16,1379,Programa Reflorestar (convencional),Granja do Ipê,convencional,150
1806,30-jan.-13,1380,Programa Reflorestar (convencional),Casa do Cerrado,convencional,500
1808,07-dez.-11,101,Programa Reflorestar (convencional),Casa do Cerrado,convencional,500
1809,01-dez.-15,101,Programa Reflorestar (convencional),Granja do Ipê,convencional,400
1810,31-dez.-12,1382,Programa Reflorestar (convencional),Casa do Cerrado,convencional,500
1811,09-mar.-15,1382,Programa Reflorestar (convencional),Granja do Ipê,convencional,500
1812,15-jan.-13,1382,Programa Reflorestar (convencional),Casa do Cerrado,convencional,500
1813,24-nov.-15,1382,Programa Reflorestar (convencional),Granja do Ipê,convencional,350
1814,07-dez.-16,1383,Programa Reflorestar (convencional),Granja do Ipê,convencional,200
1815,11-dez.-11,1384,Programa Reflorestar (convencional),Granja do Ipê,convencional,250
1816,04-mar.-22,1335,Programa Reflorestar (convencional),Granja do Ipê,convencional,250
1817,16-fev.-22,1145,Programa Reflorestar (convencional),Granja do Ipê,convencional,250
1818,14-jan.-13,1411,Programa Reflorestar (convencional),Granja do Ipê,convencional,200
1819,03-dez.-15,1384,Programa Reflorestar (convencional),Granja do Ipê,convencional,300
1820,15-fev.-12,1412,Programa Reflorestar (convencional),Granja do Ipê,convencional,400
1821,03-out.-12,1413,Programa Reflorestar (convencional),Granja do Ipê,convencional,200
1822,11-nov.-11,1111,Programa Reflorestar (convencional),Casa do Cerrado,convencional,50
1823,28-set.-13,1414,Programa Reflorestar (convencional),Casa do Cerrado,convencional,150
1824,19-dez.-13,1415,Programa Reflorestar (convencional),Casa do Cerrado,convencional,120
1825,28-mar.-18,1416,Programa Reflorestar (convencional),Granja do Ipê,convencional,25
1826,01-nov.-12,1418,Programa Reflorestar (convencional),Casa do Cerrado,convencional,140
1827,17-dez.-13,1419,Programa Reflorestar (convencional),Casa do Cerrado,convencional,500
1828,25-nov.-14,1419,Programa Reflorestar (convencional),Casa do Cerrado,convencional,500
1829,01-dez.-15,1419,Programa Reflorestar (convencional),Granja do Ipê,convencional,400
1830,14-fev.-13,1420,Programa Reflorestar (convencional),Granja do Ipê,convencional,500
1831,29-ago.-14,1420,Programa Reflorestar (convencional),Casa do Cerrado,convencional,200
1832,10-out.-12,1421,Programa Reflorestar (convencional),Casa do Cerrado,convencional,25
1833,12-dez.-13,1422,Programa Reflorestar (convencional),Granja do Ipê,convencional,400
1834,30-set.-14,1423,Programa Reflorestar (convencional),Casa do Cerrado,convencional,300
1835,17-fev.-22,571,Programa Reflorestar (convencional),Granja do Ipê,convencional,300
1836,16-fev.-22,1336,Programa Reflorestar (convencional),Granja do Ipê,convencional,100
1837,04-mar.-22,1356,Programa Reflorestar (convencional),Granja do Ipê,convencional,50
1838,21-fev.-22,1235,Programa Reflorestar (convencional),Granja do Ipê,convencional,250
1839,23-fev.-22,1136,Programa Reflorestar (convencional),Granja do Ipê,convencional,200
1840,22-fev.-22,1397,Programa Reflorestar (convencional),Granja do Ipê,convencional,250
1841,23-fev.-22,1388,Programa Reflorestar (convencional),Granja do Ipê,convencional,250
1842,25-fev.-22,1391,Programa Reflorestar (convencional),Granja do Ipê,convencional,50
1843,25-fev.-22,1387,Programa Reflorestar (convencional),Granja do Ipê,convencional,250
1844,25-fev.-22,1389,Programa Reflorestar (convencional),Granja do Ipê,convencional,250
1845,23-fev.-22,1406,Programa Reflorestar (convencional),Granja do Ipê,convencional,100
1846,23-fev.-22,1386,Programa Reflorestar (convencional),Granja do Ipê,convencional,100
1849,24-fev.-22,743,Programa Reflorestar (convencional),Granja do Ipê,convencional,100
1850,23-fev.-22,1396,Programa Reflorestar (convencional),Granja do Ipê,convencional,105
1851,20-nov.-12,1438,Programa Reflorestar (convencional),Casa do Cerrado,convencional,195
1852,09-abr.-14,1439,Programa Reflorestar (convencional),Casa do Cerrado,convencional,250
1853,27-dez.-11,1103,Programa Reflorestar (convencional),Casa do Cerrado,convencional,350
1854,15-fev.-13,1103,Programa Reflorestar (convencional),Granja do Ipê,convencional,350
1855,29-nov.-13,1440,Programa Reflorestar (convencional),Casa do Cerrado,convencional,180
1856,05-jan.-12,1442,Programa Reflorestar (convencional),Granja do Ipê,convencional,50
1857,06-jan.-12,1443,Programa Reflorestar (convencional),Granja do Ipê,convencional,100
1858,06-ago.-12,1444,Programa Reflorestar (convencional),Casa do Cerrado,convencional,600
1859,25-jan.-13,1444,Programa Reflorestar (convencional),Casa do Cerrado,convencional,200
1860,21-nov.-18,1445,Programa Reflorestar (convencional),Granja do Ipê,convencional,250
1861,11-out.-12,1446,Programa Reflorestar (convencional),Casa do Cerrado,convencional,20
1862,26-set.-14,1447,Programa Reflorestar (convencional),Casa do Cerrado,convencional,330
1863,05-mar.-16,1447,Programa Reflorestar (convencional),Granja do Ipê,convencional,250
1864,05-out.-12,1448,Programa Reflorestar (convencional),Casa do Cerrado,convencional,25
1865,17-dez.-14,1449,Programa Reflorestar (convencional),Casa do Cerrado,convencional,300
1866,02-dez.-15,1449,Programa Reflorestar (convencional),Granja do Ipê,convencional,300
1867,22-out.-12,1450,Programa Reflorestar (convencional),Granja do Ipê,convencional,50
1868,14-jan.-14,1451,Programa Reflorestar (convencional),Casa do Cerrado,convencional,350
1869,08-dez.-10,1452,Programa Reflorestar (convencional),Granja do Ipê,convencional,200
1870,15-abr.-11,1453,Programa Reflorestar (convencional),Casa do Cerrado,convencional,2000
1871,04-nov.-10,1454,Programa Reflorestar (convencional),Granja do Ipê,convencional,500
1872,27-mar.-13,1455,Programa Reflorestar (convencional),Casa do Cerrado,convencional,600
1873,08-dez.-14,1455,Programa Reflorestar (convencional),Casa do Cerrado,convencional,300
1874,03-mar.-22,577,Programa Reflorestar (convencional),Granja do Ipê,convencional,250
1875,24-fev.-22,1399,Programa Reflorestar (convencional),Granja do Ipê,convencional,250
1876,24-fev.-22,1400,Programa Reflorestar (convencional),Granja do Ipê,convencional,100
1877,28-set.-12,1456,Programa Reflorestar (convencional),Casa do Cerrado,convencional,500
1878,05-out.-12,1456,Programa Reflorestar (convencional),Granja do Ipê,convencional,500
1879,05-dez.-10,1457,Programa Reflorestar (convencional),Granja do Ipê,convencional,500
1880,12-out.-11,1457,Programa Reflorestar (convencional),Casa do Cerrado,convencional,500
1881,09-fev.-12,1457,Programa Reflorestar (convencional),Casa do Cerrado,convencional,100
1882,01-abr.-11,1458,Programa Reflorestar (convencional),Casa do Cerrado,convencional,80
1883,24-jan.-18,1459,Programa Reflorestar (convencional),Granja do Ipê,convencional,365
1884,24-jan.-18,1459,Programa Reflorestar (convencional),Casa do Cerrado,convencional,75
1885,26-jan.-18,1461,Programa Reflorestar (convencional),Granja do Ipê,convencional,80
1886,03-dez.-14,1462,Programa Reflorestar (convencional),Granja do Ipê,convencional,160
1887,03-mar.-22,1424,Programa Reflorestar (convencional),Granja do Ipê,convencional,300
1888,04-mar.-22,1437,Programa Reflorestar (convencional),Granja do Ipê,convencional,120
1889,25-fev.-22,1428,Programa Reflorestar (convencional),Granja do Ipê,convencional,250
1890,25-fev.-22,1429,Programa Reflorestar (convencional),Granja do Ipê,convencional,250
1891,03-mar.-22,1430,Programa Reflorestar (convencional),Granja do Ipê,convencional,250
1892,25-fev.-22,2023,Programa Reflorestar (convencional),Granja do Ipê,convencional,70
1893,03-mar.-22,1434,Programa Reflorestar (convencional),Granja do Ipê,convencional,200
1894,03-mar.-22,1464,Programa Reflorestar (convencional),Granja do Ipê,convencional,100
1895,07-mar.-22,380,Programa Reflorestar (convencional),Granja do Ipê,convencional,120
1896,07-mar.-22,832,Programa Reflorestar (convencional),Granja do Ipê,convencional,100
1897,04-mar.-22,1432,Programa Reflorestar (convencional),Granja do Ipê,convencional,250
1898,04-mar.-22,274,Programa Reflorestar (convencional),Granja do Ipê,convencional,250
1899,03-mar.-22,1469,Programa Reflorestar (convencional),Granja do Ipê,convencional,200
1900,07-dez.-11,1472,Programa Reflorestar (convencional),Casa do Cerrado,convencional,222
1901,02-dez.-13,1472,Programa Reflorestar (convencional),Granja do Ipê,convencional,110
1902,26-out.-12,1473,Programa Reflorestar (convencional),Casa do Cerrado,convencional,500
1903,17-mai.-12,1474,Programa Reflorestar (convencional),Casa do Cerrado,convencional,200
1904,10-mai.-13,1475,Programa Reflorestar (convencional),Granja do Ipê,convencional,1000
1905,01-jan.-19,1476,Programa Reflorestar (convencional),Granja do Ipê,convencional,250
1906,04-nov.-14,1478,Programa Reflorestar (convencional),Casa do Cerrado,convencional,350
1907,01-jan.-10,1479,Programa Reflorestar (convencional),Casa do Cerrado,convencional,500
1908,05-jan.-12,1480,Programa Reflorestar (convencional),Granja do Ipê,convencional,80
1909,14-dez.-12,1481,Programa Reflorestar (convencional),Casa do Cerrado,convencional,50
1910,30-dez.-19,1482,Programa Reflorestar (convencional),Granja do Ipê,convencional,60
1911,07-nov.-12,1483,Programa Reflorestar (convencional),Granja do Ipê,convencional,370
1912,13-nov.-13,1483,Programa Reflorestar (convencional),Granja do Ipê,convencional,300
1913,28-nov.-18,1484,Programa Reflorestar (convencional),Granja do Ipê,convencional,250
1914,01-nov.-16,1486,Programa Reflorestar (convencional),Granja do Ipê,convencional,200
1915,04-mar.-22,1487,Programa Reflorestar (convencional),Granja do Ipê,convencional,250
1916,21-out.-13,1492,Programa Reflorestar (convencional),Casa do Cerrado,convencional,120
1917,20-dez.-13,1493,Programa Reflorestar (convencional),Casa do Cerrado,convencional,200
1918,13-fev.-14,1494,Programa Reflorestar (convencional),Casa do Cerrado,convencional,700
1919,04-dez.-18,1494,Programa Reflorestar (convencional),Granja do Ipê,convencional,250
1920,14-jan.-20,1494,Programa Reflorestar (convencional),Granja do Ipê,convencional,250
1921,29-jan.-13,1495,Programa Reflorestar (convencional),Casa do Cerrado,convencional,600
1922,01-jan.-17,1495,Programa Reflorestar (convencional),Granja do Ipê,convencional,80
1923,01-dez.-17,1495,Programa Reflorestar (convencional),Casa do Cerrado,convencional,300
1924,22-nov.-17,1496,Programa Reflorestar (convencional),Casa do Cerrado,convencional,162
1925,22-nov.-17,1496,Programa Reflorestar (convencional),Granja do Ipê,convencional,115
1926,25-abr.-13,1498,Programa Reflorestar (convencional),Casa do Cerrado,convencional,60
1927,22-jan.-18,1499,Programa Reflorestar (convencional),Granja do Ipê,convencional,300
1928,06-dez.-10,1500,Programa Reflorestar (convencional),Granja do Ipê,convencional,150
1929,05-dez.-11,1501,Programa Reflorestar (convencional),Casa do Cerrado,convencional,250
1930,15-dez.-15,1501,Programa Reflorestar (convencional),Granja do Ipê,convencional,2200
1931,05-mai.-12,1502,Programa Reflorestar (convencional),Granja do Ipê,convencional,200
1932,27-jan.-12,1465,Programa Reflorestar (convencional),Granja do Ipê,convencional,100
1934,24-jan.-13,1465,Programa Reflorestar (convencional),Casa do Cerrado,convencional,100
1935,05-fev.-13,1465,Programa Reflorestar (convencional),Casa do Cerrado,convencional,200
1936,09-mar.-16,1503,Programa Reflorestar (convencional),Granja do Ipê,convencional,70
1937,20-jul.-17,1505,Programa Reflorestar (convencional),Granja do Ipê,convencional,27
1938,21-jan.-14,1506,Programa Reflorestar (convencional),Casa do Cerrado,convencional,300
1939,05-dez.-10,1507,Programa Reflorestar (convencional),Granja do Ipê,convencional,200
1940,24-jun.-13,1507,Programa Reflorestar (convencional),Casa do Cerrado,convencional,200
1941,17-dez.-18,1508,Programa Reflorestar (convencional),Granja do Ipê,convencional,200
1942,31-ago.-12,1510,Programa Reflorestar (convencional),Casa do Cerrado,convencional,140
1943,20-nov.-13,1510,Programa Reflorestar (convencional),Casa do Cerrado,convencional,150
1944,05-nov.-11,1511,Programa Reflorestar (convencional),Casa do Cerrado,convencional,350
1945,05-nov.-13,1511,Programa Reflorestar (convencional),Granja do Ipê,convencional,150
1946,06-fev.-14,1511,Programa Reflorestar (convencional),Casa do Cerrado,convencional,170
1947,07-nov.-16,1512,Programa Reflorestar (convencional),Granja do Ipê,convencional,400
1948,07-mar.-22,1407,Programa Reflorestar (convencional),Granja do Ipê,convencional,100
1949,08-mar.-22,1490,Programa Reflorestar (convencional),Granja do Ipê,convencional,200
1950,08-mar.-22,1426,Programa Reflorestar (convencional),Granja do Ipê,convencional,600
1951,07-mar.-22,1433,Programa Reflorestar (convencional),Granja do Ipê,convencional,250
1952,08-mar.-22,1405,Programa Reflorestar (convencional),Granja do Ipê,convencional,250
1953,08-nov.-18,1520,Programa Reflorestar (convencional),Granja do Ipê,convencional,166
1954,20-dez.-13,1521,Programa Reflorestar (convencional),Casa do Cerrado,convencional,100
1955,31-mai.-10,1522,Programa Reflorestar (convencional),Granja do Ipê,convencional,15
1956,29-out.-12,1523,Programa Reflorestar (convencional),Granja do Ipê,convencional,300
1957,06-jan.-15,312,Programa Reflorestar (convencional),Granja do Ipê,convencional,300
1958,13-nov.-18,1524,Programa Reflorestar (convencional),Granja do Ipê,convencional,250
1959,15-nov.-12,1525,Programa Reflorestar (convencional),Casa do Cerrado,convencional,230
1960,17-jan.-17,1526,Programa Reflorestar (convencional),Granja do Ipê,convencional,400
1961,11-fev.-20,1527,Programa Reflorestar (convencional),Granja do Ipê,convencional,250
1962,01-jan.-18,229,Programa Reflorestar (convencional),Granja do Ipê,convencional,425
1963,01-jan.-18,1527,Programa Reflorestar (convencional),Casa do Cerrado,convencional,75
1964,09-mar.-22,2041,Programa Reflorestar (convencional),Granja do Ipê,convencional,330
1965,08-mar.-22,713,Programa Reflorestar (convencional),Granja do Ipê,convencional,300
1967,01-abr.-22,1488,Programa Reflorestar (convencional),Granja do Ipê,convencional,300
1968,22-jun.-13,1530,Programa Reflorestar (convencional),Granja do Ipê,convencional,500
1969,02-dez.-14,1530,Programa Reflorestar (convencional),Granja do Ipê,convencional,450
1970,21-dez.-15,1530,Programa Reflorestar (convencional),Granja do Ipê,convencional,500
1971,09-nov.-17,1530,Programa Reflorestar (convencional),Granja do Ipê,convencional,290
1972,09-nov.-17,1530,Programa Reflorestar (convencional),Casa do Cerrado,convencional,210
1973,09-mar.-22,1398,Programa Reflorestar (convencional),Granja do Ipê,convencional,300
1974,01-jan.-17,1532,Programa Reflorestar (convencional),Granja do Ipê,convencional,50
1975,24-jan.-18,1533,Programa Reflorestar (convencional),Granja do Ipê,convencional,200
1976,05-mar.-11,1535,Programa Reflorestar (convencional),Casa do Cerrado,convencional,1500
1977,19-out.-12,1537,Programa Reflorestar (convencional),Granja do Ipê,convencional,155
1978,30-out.-13,1537,Programa Reflorestar (convencional),Granja do Ipê,convencional,155
1979,01-jan.-17,1538,Programa Reflorestar (convencional),Granja do Ipê,convencional,200
1980,05-fev.-14,1539,Programa Reflorestar (convencional),Casa do Cerrado,convencional,155
1981,04-out.-13,1540,Programa Reflorestar (convencional),Casa do Cerrado,convencional,300
1982,04-out.-14,1540,Programa Reflorestar (convencional),Casa do Cerrado,convencional,55
1983,01-jan.-17,1541,Programa Reflorestar (convencional),Granja do Ipê,convencional,150
1984,04-dez.-12,1542,Programa Reflorestar (convencional),Casa do Cerrado,convencional,150
1985,01-out.-13,1542,Programa Reflorestar (convencional),Casa do Cerrado,convencional,170
1986,18-dez.-14,1544,Programa Reflorestar (convencional),Casa do Cerrado,convencional,200
1987,22-abr.-15,1544,Programa Reflorestar (convencional),Granja do Ipê,convencional,150
1988,09-mar.-22,1337,Programa Reflorestar (convencional),Granja do Ipê,convencional,250
1989,05-dez.-17,1545,Programa Reflorestar (convencional),Casa do Cerrado,convencional,100
1990,09-jan.-18,1545,Programa Reflorestar (convencional),Granja do Ipê,convencional,100
1991,26-abr.-12,1547,Programa Reflorestar (convencional),Casa do Cerrado,convencional,100
1992,05-jan.-13,1547,Programa Reflorestar (convencional),Granja do Ipê,convencional,260
1993,19-dez.-14,1548,Programa Reflorestar (convencional),Casa do Cerrado,convencional,100
1994,09-jan.-18,1549,Programa Reflorestar (convencional),Granja do Ipê,convencional,222
1995,31-out.-13,1550,Programa Reflorestar (convencional),Granja do Ipê,convencional,200
1996,18-nov.-14,1550,Programa Reflorestar (convencional),Granja do Ipê,convencional,300
1997,25-out.-17,1551,Programa Reflorestar (convencional),Granja do Ipê,convencional,222
1998,21-nov.-14,1552,Programa Reflorestar (convencional),Granja do Ipê,convencional,300
1999,11-jan.-18,1553,Programa Reflorestar (convencional),Granja do Ipê,convencional,355
2000,11-jan.-18,1553,Programa Reflorestar (convencional),Casa do Cerrado,convencional,145
2001,10-nov.-10,1554,Programa Reflorestar (convencional),Granja do Ipê,convencional,300
2002,15-abr.-15,1555,Programa Reflorestar (convencional),Granja do Ipê,convencional,200
2003,11-jan.-19,1555,Programa Reflorestar (convencional),Granja do Ipê,convencional,250
2004,12-mar.-12,1556,Programa Reflorestar (convencional),Granja do Ipê,convencional,50
2005,30-out.-17,1557,Programa Reflorestar (convencional),Granja do Ipê,convencional,150
2006,20-set.-12,1558,Programa Reflorestar (convencional),Casa do Cerrado,convencional,50
2007,03-out.-16,1560,Programa Reflorestar (convencional),Granja do Ipê,convencional,100
2008,16-ago.-12,1561,Programa Reflorestar (convencional),Granja do Ipê,convencional,222
2009,25-abr.-13,1562,Programa Reflorestar (convencional),Casa do Cerrado,convencional,230
2010,23-nov.-12,1563,Programa Reflorestar (convencional),Granja do Ipê,convencional,30
2011,18-dez.-18,1563,Programa Reflorestar (convencional),Granja do Ipê,convencional,25
2012,02-jan.-14,1564,Programa Reflorestar (convencional),Granja do Ipê,convencional,500
2013,18-dez.-12,1565,Programa Reflorestar (convencional),Casa do Cerrado,convencional,10
2014,12-dez.-11,1566,Programa Reflorestar (convencional),Casa do Cerrado,convencional,200
2015,05-out.-11,1567,Programa Reflorestar (convencional),Casa do Cerrado,convencional,50
2016,21-nov.-12,1567,Programa Reflorestar (convencional),Casa do Cerrado,convencional,80
2017,31-out.-14,1567,Programa Reflorestar (convencional),Casa do Cerrado,convencional,54
2018,15-dez.-16,1567,Programa Reflorestar (convencional),Granja do Ipê,convencional,200
2019,20-dez.-16,1567,Programa Reflorestar (convencional),Granja do Ipê,convencional,54
2020,12-dez.-17,1567,Programa Reflorestar (convencional),Casa do Cerrado,convencional,50
2021,17-dez.-18,1567,Programa Reflorestar (convencional),Granja do Ipê,convencional,50
2022,10-mar.-22,1489,Programa Reflorestar (convencional),Granja do Ipê,convencional,350
2023,15-mar.-22,1401,Programa Reflorestar (convencional),Granja do Ipê,convencional,250
2024,15-mar.-22,1569,Programa Reflorestar (convencional),Granja do Ipê,convencional,110
2025,15-mar.-22,1570,Programa Reflorestar (convencional),Granja do Ipê,convencional,110
2026,15-mar.-22,1571,Programa Reflorestar (convencional),Granja do Ipê,convencional,110
2027,11-mar.-22,1470,Programa Reflorestar (convencional),Granja do Ipê,convencional,200
2028,17-mar.-22,1580,Programa Reflorestar (convencional),Granja do Ipê,convencional,200
2029,21-nov.-18,1113,Programa Reflorestar (convencional),Granja do Ipê,convencional,250
2030,10-mai.-11,1581,Programa Reflorestar (convencional),Casa do Cerrado,convencional,300
2031,05-fev.-11,1583,Programa Reflorestar (convencional),Casa do Cerrado,convencional,150
2032,16-dez.-14,1584,Programa Reflorestar (convencional),Casa do Cerrado,convencional,220
2033,07-jan.-16,1584,Programa Reflorestar (convencional),Granja do Ipê,convencional,250
2034,19-mar.-22,1585,Programa Reflorestar (convencional),Granja do Ipê,convencional,250
2035,17-dez.-18,1586,Programa Reflorestar (convencional),Granja do Ipê,convencional,250
2036,15-jan.-13,1587,Programa Reflorestar (convencional),Casa do Cerrado,convencional,300
2037,07-nov.-16,1588,Programa Reflorestar (convencional),Granja do Ipê,convencional,500
2038,10-fev.-20,376,Programa Reflorestar (convencional),Granja do Ipê,convencional,180
2039,01-jan.-17,1589,Programa Reflorestar (convencional),Granja do Ipê,convencional,50
2040,19-fev.-19,1590,Programa Reflorestar (convencional),Granja do Ipê,convencional,500
2041,01-out.-13,1591,Programa Reflorestar (convencional),Casa do Cerrado,convencional,135
2042,19-dez.-13,1592,Programa Reflorestar (convencional),Casa do Cerrado,convencional,75
2043,16-nov.-15,1592,Programa Reflorestar (convencional),Granja do Ipê,convencional,100
2044,20-dez.-19,1593,Programa Reflorestar (convencional),Granja do Ipê,convencional,200
2047,18-mar.-22,1466,Programa Reflorestar (convencional),Granja do Ipê,convencional,250
2048,21-mar.-22,1575,Programa Reflorestar (convencional),Granja do Ipê,convencional,135
2049,01-abr.-22,1515,Programa Reflorestar (convencional),Granja do Ipê,convencional,163
2050,24-mar.-22,1408,Programa Reflorestar (convencional),Granja do Ipê,convencional,250
2051,21-out.-11,1596,Programa Reflorestar (convencional),Casa do Cerrado,convencional,200
2052,09-nov.-09,1597,Programa Reflorestar (convencional),Granja do Ipê,convencional,600
2053,24-dez.-15,1598,Programa Reflorestar (convencional),Granja do Ipê,convencional,250
2054,22-jan.-16,1599,Programa Reflorestar (convencional),Granja do Ipê,convencional,338
2055,04-out.-12,1601,Programa Reflorestar (convencional),Granja do Ipê,convencional,368
2056,05-mar.-12,1602,Programa Reflorestar (convencional),Casa do Cerrado,convencional,500
2057,18-nov.-11,1603,Programa Reflorestar (convencional),Granja do Ipê,convencional,200
2062,15-jan.-18,1606,Programa Reflorestar (convencional),Casa do Cerrado,convencional,65
2063,15-jan.-18,1606,Programa Reflorestar (convencional),Granja do Ipê,convencional,135
2064,07-jun.-13,1607,Programa Reflorestar (convencional),Casa do Cerrado,convencional,100
2065,07-fev.-13,1608,Programa Reflorestar (convencional),Granja do Ipê,convencional,1111
2066,18-jun.-14,1608,Programa Reflorestar (convencional),Granja do Ipê,convencional,912
2067,14-dez.-12,1611,Programa Reflorestar (convencional),Granja do Ipê,convencional,95
2069,09-mar.-15,1612,Programa Reflorestar (convencional),Casa do Cerrado,convencional,200
2070,30-out.-13,1613,Programa Reflorestar (convencional),Casa do Cerrado,convencional,100
2071,16-nov.-17,1615,Programa Reflorestar (convencional),Casa do Cerrado,convencional,135
2072,16-nov.-17,1615,Programa Reflorestar (convencional),Granja do Ipê,convencional,320
2073,11-mar.-13,1616,Programa Reflorestar (convencional),Casa do Cerrado,convencional,60
2074,09-jan.-14,1616,Programa Reflorestar (convencional),Casa do Cerrado,convencional,100
2075,01-nov.-18,1617,Programa Reflorestar (convencional),Granja do Ipê,convencional,100
2076,07-fev.-20,1617,Programa Reflorestar (convencional),Granja do Ipê,convencional,200
2077,01-dez.-11,1622,Programa Reflorestar (convencional),Casa do Cerrado,convencional,600
2078,04-nov.-13,1623,Programa Reflorestar (convencional),Granja do Ipê,convencional,500
2079,09-nov.-13,1624,Programa Reflorestar (convencional),Casa do Cerrado,convencional,300
2080,23-dez.-15,1625,Programa Reflorestar (convencional),Granja do Ipê,convencional,250
2081,31-mar.-16,1625,Programa Reflorestar (convencional),Granja do Ipê,convencional,150
2082,10-nov.-17,1626,Programa Reflorestar (convencional),Casa do Cerrado,convencional,100
2083,10-nov.-17,1626,Programa Reflorestar (convencional),Granja do Ipê,convencional,400
2085,12-nov.-13,1628,Programa Reflorestar (convencional),Granja do Ipê,convencional,400
2086,01-abr.-22,1620,Programa Reflorestar (convencional),Granja do Ipê,convencional,250
2087,17-nov.-13,1629,Programa Reflorestar (convencional),Casa do Cerrado,convencional,225
2088,21-jun.-12,1630,Programa Reflorestar (convencional),Casa do Cerrado,convencional,50
2090,18-set.-13,1631,Programa Reflorestar (convencional),Casa do Cerrado,convencional,160
2091,26-set.-14,1632,Programa Reflorestar (convencional),Casa do Cerrado,convencional,135
2092,20-dez.-18,1633,Programa Reflorestar (convencional),Granja do Ipê,convencional,150
2093,01-abr.-22,2095,Programa Reflorestar (convencional),Granja do Ipê,Eventos,50
2094,01-abr.-22,1572,Programa Reflorestar (convencional),Granja do Ipê,convencional,250
2095,01-abr.-22,1594,Programa Reflorestar (convencional),Granja do Ipê,convencional,250
2096,07-ago.-12,1637,Programa Reflorestar (convencional),Casa do Cerrado,convencional,600
2097,10-fev.-15,1638,Programa Reflorestar (convencional),Casa do Cerrado,convencional,100
2098,24-nov.-15,1638,Programa Reflorestar (convencional),Granja do Ipê,convencional,150
2099,26-out.-11,1639,Programa Reflorestar (convencional),Casa do Cerrado,convencional,600
2100,22-fev.-19,1640,Programa Reflorestar (convencional),Granja do Ipê,convencional,100
2101,23-nov.-12,1641,Programa Reflorestar (convencional),Casa do Cerrado,convencional,140
2102,21-out.-13,1643,Programa Reflorestar (convencional),Granja do Ipê,eventos,60
2103,04-set.-13,1644,Programa Reflorestar (convencional),Granja do Ipê,convencional,250
2104,16-out.-13,1645,Programa Reflorestar (convencional),Casa do Cerrado,convencional,100
2105,23-nov.-10,1646,Programa Reflorestar (convencional),Granja do Ipê,convencional,200
2106,29-abr.-14,1647,Programa Reflorestar (convencional),Casa do Cerrado,convencional,175
2107,11-nov.-11,1648,Programa Reflorestar (convencional),Casa do Cerrado,convencional,400
2108,21-jan.-13,1649,Programa Reflorestar (convencional),Granja do Ipê,convencional,100
2109,10-out.-13,1649,Programa Reflorestar (convencional),Granja do Ipê,convencional,155
2110,01-jan.-09,1650,Programa Reflorestar (convencional),Granja do Ipê,convencional,200
2111,27-nov.-12,1651,Programa Reflorestar (convencional),Casa do Cerrado,convencional,100
2112,05-mai.-11,1652,Programa Reflorestar (convencional),Casa do Cerrado,convencional,200
2113,07-jan.-11,1652,Programa Reflorestar (convencional),Casa do Cerrado,convencional,100
2114,10-dez.-12,1652,Programa Reflorestar (convencional),Casa do Cerrado,convencional,50
2115,10-jan.-13,1652,Programa Reflorestar (convencional),Granja do Ipê,convencional,10
2116,10-out.-12,1653,Programa Reflorestar (convencional),Casa do Cerrado,convencional,20
2117,28-nov.-17,1654,Programa Reflorestar (convencional),Casa do Cerrado,convencional,500
2118,09-jan.-19,1655,Programa Reflorestar (convencional),Granja do Ipê,convencional,250
2119,29-nov.-12,1656,Programa Reflorestar (convencional),Casa do Cerrado,convencional,50
2120,20-fev.-14,1656,Programa Reflorestar (convencional),Casa do Cerrado,convencional,55
2121,10-out.-16,252,Programa Reflorestar (convencional),Granja do Ipê,convencional,235
2122,31-out.-17,252,Programa Reflorestar (convencional),Granja do Ipê,convencional,160
2123,19-nov.-18,252,Programa Reflorestar (convencional),Granja do Ipê,convencional,70
2124,01-out.-11,1657,Programa Reflorestar (convencional),Casa do Cerrado,convencional,600
2125,05-ago.-11,1658,Programa Reflorestar (convencional),Casa do Cerrado,convencional,220
2126,06-nov.-13,1658,Programa Reflorestar (convencional),Casa do Cerrado,convencional,150
2127,06-nov.-12,1659,Programa Reflorestar (convencional),Casa do Cerrado,convencional,150
2128,16-jun.-12,1660,Programa Reflorestar (convencional),Casa do Cerrado,convencional,100
2129,23-jan.-13,1661,Programa Reflorestar (convencional),Granja do Ipê,convencional,500
2130,11-fev.-14,1662,Programa Reflorestar (convencional),Casa do Cerrado,convencional,500
2131,29-out.-18,1663,Programa Reflorestar (convencional),Granja do Ipê,convencional,150
2132,03-fev.-09,1664,Programa Reflorestar (convencional),Granja do Ipê,convencional,200
2133,09-nov.-09,1665,Programa Reflorestar (convencional),Granja do Ipê,convencional,300
2134,19-dez.-16,1666,Programa Reflorestar (convencional),Granja do Ipê,convencional,1000
2135,16-nov.-14,1667,Programa Reflorestar (convencional),Casa do Cerrado,convencional,100
2136,03-mai.-12,1668,Programa Reflorestar (convencional),Casa do Cerrado,convencional,300
2137,02-mar.-11,1669,Programa Reflorestar (convencional),Casa do Cerrado,convencional,600
2138,01-abr.-13,1670,Programa Reflorestar (convencional),Granja do Ipê,convencional,250
2139,03-nov.-14,1670,Programa Reflorestar (convencional),Granja do Ipê,convencional,170
2140,15-ago.-12,1671,Programa Reflorestar (convencional),Granja do Ipê,convencional,50
2141,08-dez.-14,1672,Programa Reflorestar (convencional),Granja do Ipê,convencional,140
2142,30-jan.-12,1674,Programa Reflorestar (convencional),Granja do Ipê,convencional,140
2144,01-jul.-11,1675,Programa Reflorestar (convencional),Casa do Cerrado,convencional,600
2145,28-mar.-14,1676,Programa Reflorestar (convencional),Casa do Cerrado,convencional,500
2146,01-jan.-17,1677,Programa Reflorestar (convencional),Granja do Ipê,convencional,150
2147,23-fev.-17,1678,Programa Reflorestar (convencional),Granja do Ipê,convencional,1005
2148,20-ago.-12,1679,Programa Reflorestar (convencional),Granja do Ipê,convencional,150
2149,15-jan.-18,1681,Programa Reflorestar (convencional),Granja do Ipê,convencional,145
2150,15-jan.-18,1681,Programa Reflorestar (convencional),Casa do Cerrado,convencional,55
2151,13-dez.-18,1681,Programa Reflorestar (convencional),Granja do Ipê,convencional,200
2152,12-abr.-11,1682,Programa Reflorestar (convencional),Granja do Ipê,convencional,100
2153,24-nov.-17,1139,Programa Reflorestar (convencional),Granja do Ipê,convencional,5
2154,24-nov.-17,1139,Programa Reflorestar (convencional),Casa do Cerrado,convencional,95
2155,10-fev.-12,1683,Programa Reflorestar (convencional),Granja do Ipê,convencional,150
2156,22-set.-11,1684,Programa Reflorestar (convencional),Granja do Ipê,convencional,250
2157,25-mai.-12,1684,Programa Reflorestar (convencional),Casa do Cerrado,convencional,250
2158,05-dez.-14,1685,Programa Reflorestar (convencional),Casa do Cerrado,convencional,300
2160,05-dez.-18,1686,Programa Reflorestar (convencional),Granja do Ipê,convencional,250
2161,09-out.-13,1688,Programa Reflorestar (convencional),Granja do Ipê,convencional,155
2162,06-out.-13,1688,Programa Reflorestar (convencional),Casa do Cerrado,convencional,100
2163,01-abr.-13,1690,Programa Reflorestar (convencional),Granja do Ipê,convencional,50
2164,20-set.-12,1691,Programa Reflorestar (convencional),Casa do Cerrado,convencional,100
2165,06-nov.-09,1692,Programa Reflorestar (convencional),Granja do Ipê,convencional,300
2166,05-mar.-11,1692,Programa Reflorestar (convencional),Casa do Cerrado,convencional,300
2167,20-dez.-18,1692,Programa Reflorestar (convencional),Granja do Ipê,convencional,250
2168,05-jan.-11,1693,Programa Reflorestar (convencional),Granja do Ipê,convencional,60
2169,31-jan.-13,1694,Programa Reflorestar (convencional),Casa do Cerrado,convencional,250
2170,11-dez.-12,1695,Programa Reflorestar (convencional),Casa do Cerrado,convencional,200
2171,21-nov.-13,1695,Programa Reflorestar (convencional),Casa do Cerrado,convencional,200
2172,25-out.-11,1696,Programa Reflorestar (convencional),Granja do Ipê,convencional,200
2173,21-jun.-12,1697,Programa Reflorestar (convencional),Casa do Cerrado,convencional,600
2174,01-jan.-18,1698,Programa Reflorestar (convencional),Casa do Cerrado,convencional,300
2175,09-nov.-16,1699,Programa Reflorestar (convencional),Granja do Ipê,convencional,165
2176,13-abr.-22,1399,Programa Reflorestar (convencional),Granja do Ipê,convencional,250
2177,20-abr.-22,1701,Programa Reflorestar (convencional),Granja do Ipê,convencional,105
2178,20-dez.-18,1702,Programa Reflorestar (convencional),Granja do Ipê,convencional,250
2179,05-fev.-13,1703,Programa Reflorestar (convencional),Casa do Cerrado,convencional,685
2181,22-out.-12,1706,Programa Reflorestar (convencional),Casa do Cerrado,convencional,310
2182,09-nov.-09,1707,Programa Reflorestar (convencional),Granja do Ipê,convencional,600
2183,08-nov.-10,1710,Programa Reflorestar (convencional),Granja do Ipê,convencional,500
2184,08-dez.-10,1711,Programa Reflorestar (convencional),Granja do Ipê,convencional,100
2185,01-jan.-18,1712,Programa Reflorestar (convencional),Granja do Ipê,convencional,120
2186,01-jan.-18,1712,Programa Reflorestar (convencional),Casa do Cerrado,convencional,80
2187,05-out.-16,1713,Programa Reflorestar (convencional),Granja do Ipê,convencional,600
2188,21-nov.-13,1714,Programa Reflorestar (convencional),Casa do Cerrado,convencional,130
2189,16-dez.-19,1715,Programa Reflorestar (convencional),Granja do Ipê,convencional,150
2190,08-jan.-14,1716,Programa Reflorestar (convencional),Casa do Cerrado,convencional,100
2191,18-dez.-14,1716,Programa Reflorestar (convencional),Casa do Cerrado,convencional,100
2192,01-out.-12,1717,Programa Reflorestar (convencional),Casa do Cerrado,convencional,20
2193,01-jan.-12,1718,Programa Reflorestar (convencional),Granja do Ipê,convencional,50
2194,31-out.-18,1723,Programa Reflorestar (convencional),Granja do Ipê,convencional,250
2197,20-nov.-12,1724,Programa Reflorestar (convencional),Casa do Cerrado,convencional,100
2198,09-nov.-12,1725,Programa Reflorestar (convencional),Casa do Cerrado,convencional,50
2199,15-nov.-11,1726,Programa Reflorestar (convencional),Granja do Ipê,convencional,550
2200,05-jan.-10,1727,Programa Reflorestar (convencional),Casa do Cerrado,convencional,2000
2201,28-nov.-14,1728,Programa Reflorestar (convencional),Casa do Cerrado,convencional,150
2202,11-dez.-15,1728,Programa Reflorestar (convencional),Granja do Ipê,convencional,200
2203,15-out.-12,1729,Programa Reflorestar (convencional),Granja do Ipê,convencional,50
2207,07-fev.-13,1730,Programa Reflorestar (convencional),Granja do Ipê,convencional,75
2208,08-fev.-13,1730,Programa Reflorestar (convencional),Casa do Cerrado,convencional,75
2209,30-out.-13,1731,Programa Reflorestar (convencional),Granja do Ipê,convencional,360
2210,02-dez.-15,1731,Programa Reflorestar (convencional),Granja do Ipê,convencional,250
2211,10-jan.-18,1732,Programa Reflorestar (convencional),Granja do Ipê,convencional,500
2212,18-ago.-11,1734,Programa Reflorestar (convencional),Casa do Cerrado,convencional,1000
2213,01-nov.-11,1736,Programa Reflorestar (convencional),Casa do Cerrado,convencional,300
2214,24-nov.-16,1739,Programa Reflorestar (convencional),Granja do Ipê,convencional,200
2215,01-out.-13,1740,Programa Reflorestar (convencional),Casa do Cerrado,convencional,20
2216,30-out.-13,1740,Programa Reflorestar (convencional),Granja do Ipê,convencional,50
2217,04-dez.-18,1741,Programa Reflorestar (convencional),Granja do Ipê,convencional,100
2218,26-set.-14,1742,Programa Reflorestar (convencional),Casa do Cerrado,convencional,160
2219,27-nov.-12,1743,Programa Reflorestar (convencional),Casa do Cerrado,convencional,100
2220,04-jan.-09,1744,Programa Reflorestar (convencional),Granja do Ipê,convencional,250
2221,06-jun.-22,1745,Programa Reflorestar (convencional),Granja do Ipê,convencional,50
2222,20-nov.-12,1746,Programa Reflorestar (convencional),Granja do Ipê,convencional,1000
2223,03-nov.-11,1747,Programa Reflorestar (convencional),Granja do Ipê,convencional,400
2224,01-jan.-18,1748,Programa Reflorestar (convencional),Casa do Cerrado,convencional,120
2225,01-jan.-18,1748,Programa Reflorestar (convencional),Granja do Ipê,convencional,380
2226,04-out.-12,1749,Programa Reflorestar (convencional),Granja do Ipê,convencional,368
2227,22-out.-14,1750,Programa Reflorestar (convencional),Casa do Cerrado,convencional,500
2228,04-mar.-16,1751,Programa Reflorestar (convencional),Granja do Ipê,convencional,100
2229,15-dez.-16,1751,Programa Reflorestar (convencional),Granja do Ipê,convencional,100
2230,15-jan.-14,1752,Programa Reflorestar (convencional),Casa do Cerrado,convencional,50
2231,01-fev.-17,1753,Programa Reflorestar (convencional),Granja do Ipê,convencional,100
2232,05-dez.-18,1755,Programa Reflorestar (convencional),Granja do Ipê,convencional,250
2233,16-abr.-13,1756,Programa Reflorestar (convencional),Granja do Ipê,convencional,1350
2234,02-mar.-11,1757,Programa Reflorestar (convencional),Casa do Cerrado,convencional,840
2235,10-nov.-10,1758,Programa Reflorestar (convencional),Granja do Ipê,convencional,50
2236,01-mar.-13,1759,Programa Reflorestar (convencional),Casa do Cerrado,convencional,300
2237,22-nov.-11,1760,Programa Reflorestar (convencional),Casa do Cerrado,convencional,200
2238,28-nov.-19,1760,Programa Reflorestar (convencional),Granja do Ipê,convencional,150
2239,07-jul.-22,252,Programa Reflorestar (convencional),Granja do Ipê,convencional,200
2240,07-jul.-22,571,Programa Reflorestar (convencional),Granja do Ipê,convencional,220
2245,14-jul.-22,1053,Programa Reflorestar (convencional),Granja do Ipê,convencional,500
2246,29-ago.-13,1762,Programa Reflorestar (convencional),Casa do Cerrado,convencional,500
2247,19-abr.-12,1763,Programa Reflorestar (convencional),Casa do Cerrado,convencional,200
2248,29-nov.-12,1764,Programa Reflorestar (convencional),Casa do Cerrado,convencional,100
2249,15-fev.-13,1116,Programa Reflorestar (convencional),Casa do Cerrado,convencional,1200
2250,14-dez.-14,1765,Programa Reflorestar (convencional),Casa do Cerrado,convencional,200
2251,11-dez.-12,1766,Programa Reflorestar (convencional),Casa do Cerrado,convencional,100
2252,20-nov.-13,1766,Programa Reflorestar (convencional),Casa do Cerrado,convencional,100
2253,09-nov.-09,1767,Programa Reflorestar (convencional),Granja do Ipê,convencional,400
2254,07-jan.-16,1769,Programa Reflorestar (convencional),Granja do Ipê,convencional,250
2255,08-jan.-16,1769,Programa Reflorestar (convencional),Granja do Ipê,convencional,300
2256,22-nov.-12,1770,Programa Reflorestar (convencional),Casa do Cerrado,convencional,666
2257,07-out.-15,1770,Programa Reflorestar (convencional),Granja do Ipê,convencional,250
2258,12-ago.-13,1771,Programa Reflorestar (convencional),Casa do Cerrado,convencional,140
2259,05-ago.-13,1771,Programa Reflorestar (convencional),Granja do Ipê,convencional,60
2260,17-jan.-13,1772,Programa Reflorestar (convencional),Casa do Cerrado,convencional,1000
2261,13-nov.-12,1773,Programa Reflorestar (convencional),Casa do Cerrado,convencional,250
2262,17-fev.-14,1774,Programa Reflorestar (convencional),Casa do Cerrado,convencional,1000
2263,12-mar.-14,1775,Programa Reflorestar (convencional),Casa do Cerrado,convencional,1000
2264,22-nov.-18,1775,Programa Reflorestar (convencional),Granja do Ipê,convencional,250
2265,23-dez.-19,1775,Programa Reflorestar (convencional),Granja do Ipê,convencional,300
2266,08-nov.-11,1776,Programa Reflorestar (convencional),Casa do Cerrado,convencional,200
2267,13-nov.-12,1777,Programa Reflorestar (convencional),Granja do Ipê,convencional,200
2268,20-dez.-13,1735,Programa Reflorestar (convencional),Casa do Cerrado,convencional,200
2269,02-mar.-11,1778,Programa Reflorestar (convencional),Casa do Cerrado,convencional,840
2270,18-jul.-22,1780,Programa Reflorestar (convencional),Granja do Ipê,convencional,68
2271,03-jan.-17,1781,Programa Reflorestar (convencional),Granja do Ipê,convencional,100
2272,14-mar.-18,1781,Programa Reflorestar (convencional),Granja do Ipê,convencional,150
2273,07-dez.-18,1781,Programa Reflorestar (convencional),Granja do Ipê,convencional,100
2274,09-dez.-19,1781,Programa Reflorestar (convencional),Granja do Ipê,convencional,150
2275,29-jan.-14,1782,Programa Reflorestar (convencional),Casa do Cerrado,convencional,130
2276,21-out.-14,1783,Programa Reflorestar (convencional),Casa do Cerrado,convencional,250
2277,12-fev.-14,1784,Programa Reflorestar (convencional),Casa do Cerrado,convencional,50
2278,07-dez.-15,1785,Programa Reflorestar (convencional),Granja do Ipê,convencional,300
2279,18-jan.-16,1785,Programa Reflorestar (convencional),Granja do Ipê,convencional,300
2280,06-jan.-20,1786,Programa Reflorestar (convencional),Granja do Ipê,convencional,300
2281,11-jan.-17,1787,Programa Reflorestar (convencional),Granja do Ipê,convencional,150
2282,03-jan.-17,1787,Programa Reflorestar (convencional),Granja do Ipê,convencional,50
2283,17-jan.-18,1788,Programa Reflorestar (convencional),Granja do Ipê,convencional,333
2284,11-set.-14,117,Programa Reflorestar (convencional),Casa do Cerrado,convencional,150
2285,24-out.-14,1789,Programa Reflorestar (convencional),Casa do Cerrado,convencional,350
2286,22-nov.-12,299,Programa Reflorestar (convencional),Granja do Ipê,convencional,400
2287,10-fev.-15,1790,Programa Reflorestar (convencional),Casa do Cerrado,convencional,50
2288,27-nov.-18,1791,Programa Reflorestar (convencional),Granja do Ipê,convencional,250
2289,26-fev.-15,1792,Programa Reflorestar (convencional),Casa do Cerrado,convencional,200
2290,07-out.-15,1792,Programa Reflorestar (convencional),Granja do Ipê,convencional,100
2291,04-ago.-13,1793,Programa Reflorestar (convencional),Casa do Cerrado,convencional,50
2292,01-out.-15,1794,Programa Reflorestar (convencional),Granja do Ipê,convencional,200
2293,06-out.-16,1794,Programa Reflorestar (convencional),Granja do Ipê,convencional,200
2294,18-out.-18,1794,Programa Reflorestar (convencional),Granja do Ipê,convencional,250
2295,29-nov.-16,1795,Programa Reflorestar (convencional),Granja do Ipê,convencional,100
2296,02-out.-15,1796,Programa Reflorestar (convencional),Granja do Ipê,convencional,250
2297,10-jan.-11,1797,Programa Reflorestar (convencional),Casa do Cerrado,convencional,435
2298,19-jan.-16,1798,Programa Reflorestar (convencional),Granja do Ipê,convencional,200
2299,14-out.-13,1799,Programa Reflorestar (convencional),Casa do Cerrado,convencional,200
2300,13-dez.-13,1800,Programa Reflorestar (convencional),Casa do Cerrado,convencional,50
2301,01-nov.-11,1801,Programa Reflorestar (convencional),Casa do Cerrado,convencional,200
2302,01-fev.-13,1802,Programa Reflorestar (convencional),Casa do Cerrado,convencional,300
2303,11-nov.-14,1803,Programa Reflorestar (convencional),Casa do Cerrado,convencional,100
2304,31-out.-12,1804,Programa Reflorestar (convencional),Granja do Ipê,convencional,150
2305,10-jan.-14,1805,Programa Reflorestar (convencional),Casa do Cerrado,convencional,150
2307,08-dez.-11,1806,Programa Reflorestar (convencional),Granja do Ipê,convencional,100
2308,13-jan.-12,1806,Programa Reflorestar (convencional),Granja do Ipê,convencional,120
2309,01-out.-11,1807,Programa Reflorestar (convencional),Casa do Cerrado,convencional,300
2310,15-out.-13,1807,Programa Reflorestar (convencional),Casa do Cerrado,convencional,200
2311,05-fev.-13,1808,Programa Reflorestar (convencional),Granja do Ipê,convencional,1000
2312,18-nov.-16,1809,Programa Reflorestar (convencional),Granja do Ipê,convencional,200
2313,14-jan.-13,1810,Programa Reflorestar (convencional),Granja do Ipê,convencional,200
2314,12-dez.-13,1811,Programa Reflorestar (convencional),Casa do Cerrado,convencional,500
2315,05-dez.-14,1811,Programa Reflorestar (convencional),Casa do Cerrado,convencional,200
2316,11-out.-16,1812,Programa Reflorestar (convencional),Granja do Ipê,convencional,500
2317,31-jan.-18,1812,Programa Reflorestar (convencional),Granja do Ipê,convencional,500
2318,18-dez.-18,1812,Programa Reflorestar (convencional),Granja do Ipê,convencional,250
2319,03-abr.-12,1813,Programa Reflorestar (convencional),Granja do Ipê,convencional,72
2320,04-nov.-12,1814,Programa Reflorestar (convencional),Casa do Cerrado,convencional,35
2321,09-ago.-22,1815,Programa Reflorestar (convencional),Granja do Ipê,convencional,250
2322,09-ago.-22,1076,Programa Reflorestar (convencional),Granja do Ipê,convencional,250
2323,17-out.-12,1818,Programa Reflorestar (convencional),Casa do Cerrado,convencional,110
2324,22-out.-09,1819,Programa Reflorestar (convencional),Granja do Ipê,convencional,500
2325,28-ago.-12,1819,Programa Reflorestar (convencional),Granja do Ipê,convencional,200
2326,22-jan.-13,1820,Programa Reflorestar (convencional),Casa do Cerrado,convencional,150
2327,12-nov.-13,1820,Programa Reflorestar (convencional),Casa do Cerrado,convencional,140
2328,01-fev.-18,1821,Programa Reflorestar (convencional),Granja do Ipê,convencional,250
2329,21-nov.-18,1822,Programa Reflorestar (convencional),Granja do Ipê,convencional,250
2330,09-nov.-13,1823,Programa Reflorestar (convencional),Casa do Cerrado,convencional,100
2331,22-dez.-16,1823,Programa Reflorestar (convencional),Granja do Ipê,convencional,1000
2332,15-dez.-16,435,Programa Reflorestar (convencional),Granja do Ipê,convencional,1177
2333,05-jan.-10,1824,Programa Reflorestar (convencional),Casa do Cerrado,convencional,1000
2334,05-ago.-11,1825,Programa Reflorestar (convencional),Casa do Cerrado,convencional,200
2335,26-jun.-12,1825,Programa Reflorestar (convencional),Casa do Cerrado,convencional,200
2336,11-jan.-13,1826,Programa Reflorestar (convencional),Granja do Ipê,convencional,80
2337,16-dez.-15,1826,Programa Reflorestar (convencional),Granja do Ipê,convencional,350
2338,24-jan.-16,1826,Programa Reflorestar (convencional),Granja do Ipê,convencional,195
2339,08-fev.-13,122,Programa Reflorestar (convencional),Casa do Cerrado,convencional,300
2340,14-jan.-13,1827,Programa Reflorestar (convencional),Casa do Cerrado,convencional,1000
2341,01-mar.-14,1827,Programa Reflorestar (convencional),Casa do Cerrado,convencional,1000
2342,27-nov.-12,1828,Programa Reflorestar (convencional),Casa do Cerrado,convencional,400
2343,13-ago.-12,1829,Programa Reflorestar (convencional),Casa do Cerrado,convencional,200
2344,09-dez.-20,1830,Programa Reflorestar (convencional),Granja do Ipê,convencional,250
2345,05-nov.-14,1831,Programa Reflorestar (convencional),Casa do Cerrado,convencional,150
2346,09-nov.-15,1831,Programa Reflorestar (convencional),Granja do Ipê,convencional,150
2347,22-out.-09,1832,Programa Reflorestar (convencional),Granja do Ipê,convencional,350
2348,05-dez.-11,1832,Programa Reflorestar (convencional),Granja do Ipê,convencional,50
2349,18-nov.-14,1833,Programa Reflorestar (convencional),Granja do Ipê,convencional,200
2350,26-set.-16,1834,Programa Reflorestar (convencional),Granja do Ipê,convencional,200
2351,30-jan.-14,1835,Programa Reflorestar (convencional),Casa do Cerrado,convencional,50
2352,07-dez.-12,1836,Programa Reflorestar (convencional),Casa do Cerrado,convencional,10
2353,02-mar.-11,1837,Programa Reflorestar (convencional),Casa do Cerrado,convencional,1200
2354,27-mar.-19,1838,Programa Reflorestar (convencional),Granja do Ipê,convencional,450
2355,16-ago.-12,1839,Programa Reflorestar (convencional),Casa do Cerrado,convencional,200
2356,21-jan.-14,1839,Programa Reflorestar (convencional),Casa do Cerrado,convencional,100
2357,15-dez.-14,1839,Programa Reflorestar (convencional),Casa do Cerrado,convencional,100
2358,12-fev.-15,1839,Programa Reflorestar (convencional),Casa do Cerrado,convencional,150
2359,18-ago.-22,1840,Programa Reflorestar (convencional),Granja do Ipê,eventos,60
2360,10-dez.-13,1150,Programa Reflorestar (convencional),Granja do Ipê,convencional,140
2361,19-jan.-18,1841,Programa Reflorestar (convencional),Granja do Ipê,convencional,290
2362,19-jan.-18,1841,Programa Reflorestar (convencional),Casa do Cerrado,convencional,10
2363,01-nov.-19,1841,Programa Reflorestar (convencional),Granja do Ipê,convencional,150
2364,24-mar.-21,1841,Programa Reflorestar (convencional),Granja do Ipê,convencional,145
2365,26-ago.-22,616,Programa Reflorestar (convencional),Granja do Ipê,convencional,30
2366,31-ago.-22,1845,Programa Reflorestar (convencional),Granja do Ipê,convencional,300
2367,05-set.-22,1848,Programa Reflorestar (convencional),Granja do Ipê,convencional,250
2369,09-set.-22,1850,Programa Reflorestar (convencional),Granja do Ipê,educação ambiental,30
2370,15-set.-22,1853,Programa Reflorestar (convencional),Granja do Ipê,convencional,250
2372,21-set.-22,1861,Programa Reflorestar (convencional),Granja do Ipê,educação ambiental,200
2373,26-set.-22,1817,Programa Reflorestar (convencional),Granja do Ipê,convencional,100
2374,23-set.-22,1857,Programa Reflorestar (convencional),Granja do Ipê,educação ambiental,60
2376,18-ago.-22,259,Programa Reflorestar (convencional),Granja do Ipê,outros,60
2377,06-out.-22,1869,Programa Reflorestar (convencional),Granja do Ipê,convencional,31
2378,07-out.-22,1403,Programa Reflorestar (convencional),Granja do Ipê,convencional,150
2379,07-out.-22,1875,Programa Reflorestar (convencional),Granja do Ipê,convencional,30
2380,13-out.-22,842,Programa Reflorestar (convencional),Granja do Ipê,convencional,165
2381,13-out.-22,1879,Programa Reflorestar (convencional),Granja do Ipê,convencional,300
2382,11-out.-22,1515,Programa Reflorestar (convencional),Granja do Ipê,convencional,220
2384,13-out.-22,302,Programa Reflorestar (convencional),Granja do Ipê,convencional,210
2386,20-out.-22,1842,Programa Reflorestar (convencional),Granja do Ipê,convencional,50
2387,21-out.-22,1882,Programa Reflorestar (convencional),Granja do Ipê,convencional,300
2388,20-out.-22,1859,Programa Reflorestar (convencional),Granja do Ipê,Educação Ambiental,60
2389,20-out.-22,1046,Programa Reflorestar (convencional),Granja do Ipê,outros,200
2390,20-out.-22,1888,Programa Reflorestar (convencional),Granja do Ipê,eventos,100
2391,26-out.-22,1863,Programa Reflorestar (convencional),Granja do Ipê,convencional,160
2392,27-out.-22,242,Programa Reflorestar (convencional),Granja do Ipê,convencional,175
2393,25-out.-22,1890,Programa Reflorestar (convencional),Granja do Ipê,convencional,250
2394,26-out.-22,1866,Programa Reflorestar (convencional),Granja do Ipê,convencional,250
2395,26-out.-22,348,Programa Reflorestar (convencional),Granja do Ipê,convencional,250
2396,27-out.-22,977,Programa Reflorestar (convencional),Granja do Ipê,convencional,50
2397,05-fev.-12,1907,Programa Reflorestar (convencional),Casa do Cerrado,convencional,130
2398,14-fev.-13,1908,Programa Reflorestar (convencional),Granja do Ipê,convencional,400
2399,05-nov.-13,1909,Programa Reflorestar (convencional),Granja do Ipê,convencional,160
2400,28-jan.-19,1909,Programa Reflorestar (convencional),Granja do Ipê,convencional,250
2401,29-out.-13,1910,Programa Reflorestar (convencional),Granja do Ipê,convencional,150
2402,23-jun.-14,1910,Programa Reflorestar (convencional),Casa do Cerrado,convencional,100
2403,17-dez.-14,1911,Programa Reflorestar (convencional),Casa do Cerrado,convencional,250
2404,05-abr.-15,1912,Programa Reflorestar (convencional),Granja do Ipê,convencional,200
2405,05-nov.-12,1913,Programa Reflorestar (convencional),Casa do Cerrado,convencional,50
2406,08-fev.-12,1914,Programa Reflorestar (convencional),Granja do Ipê,convencional,120
2407,03-abr.-12,1915,Programa Reflorestar (convencional),Casa do Cerrado,convencional,200
2408,17-nov.-13,1916,Programa Reflorestar (convencional),Casa do Cerrado,convencional,500
2409,05-jan.-10,1917,Programa Reflorestar (convencional),Casa do Cerrado,convencional,500
2410,09-jan.-18,1918,Programa Reflorestar (convencional),Granja do Ipê,convencional,91
2411,20-dez.-16,1919,Programa Reflorestar (convencional),Granja do Ipê,convencional,20
2412,23-nov.-17,1919,Programa Reflorestar (convencional),Casa do Cerrado,convencional,50
2413,12-abr.-13,1920,Programa Reflorestar (convencional),Granja do Ipê,convencional,100
2414,14-nov.-18,540,Programa Reflorestar (convencional),Granja do Ipê,convencional,250
2415,01-nov.-22,1895,Programa Reflorestar (convencional),Granja do Ipê,convencional,300
2416,01-nov.-22,1898,Programa Reflorestar (convencional),Granja do Ipê,convencional,300
2417,01-nov.-22,836,Programa Reflorestar (convencional),Granja do Ipê,convencional,250
2418,01-nov.-22,1880,Programa Reflorestar (convencional),Granja do Ipê,convencional,250
2419,01-nov.-22,1929,Programa Reflorestar (convencional),Granja do Ipê,convencional,300
2420,03-nov.-22,1838,Programa Reflorestar (convencional),Granja do Ipê,convencional,255
2421,03-nov.-22,1856,Programa Reflorestar (convencional),Granja do Ipê,convencional,170
2422,03-nov.-22,1426,Programa Reflorestar (convencional),Granja do Ipê,convencional,30
2423,03-nov.-22,617,Programa Reflorestar (convencional),Granja do Ipê,convencional,150
2425,04-nov.-22,1138,Programa Reflorestar (convencional),Granja do Ipê,convencional,250
2427,04-nov.-22,1137,Programa Reflorestar (convencional),Granja do Ipê,convencional,248
2428,04-nov.-22,1893,Programa Reflorestar (convencional),Granja do Ipê,convencional,100
2429,04-nov.-22,1875,Programa Reflorestar (convencional),Granja do Ipê,convencional,35
2430,07-nov.-22,1899,Programa Reflorestar (convencional),Granja do Ipê,convencional,250
2431,09-nov.-22,1142,Programa Reflorestar (convencional),Granja do Ipê,convencional,250
2433,08-nov.-22,978,Programa Reflorestar (convencional),Granja do Ipê,convencional,150
2434,08-nov.-22,335,Programa Reflorestar (convencional),Granja do Ipê,convencional,200
2435,09-nov.-22,1946,Programa Reflorestar (convencional),Granja do Ipê,convencional,30
2436,09-nov.-22,1931,Programa Reflorestar (convencional),Granja do Ipê,convencional,250
2437,09-nov.-22,1935,Programa Reflorestar (convencional),Granja do Ipê,convencional,250
2438,09-nov.-22,1933,Programa Reflorestar (convencional),Granja do Ipê,convencional,250
2439,09-nov.-22,1938,Programa Reflorestar (convencional),Granja do Ipê,convencional,250
2440,11-nov.-22,1900,Programa Reflorestar (convencional),Granja do Ipê,convencional,250
2441,11-nov.-22,41,Programa Reflorestar (convencional),Granja do Ipê,convencional,250
2442,11-nov.-22,1577,Programa Reflorestar (convencional),Granja do Ipê,convencional,250
2443,14-nov.-22,242,Programa Reflorestar (convencional),Granja do Ipê,convencional,75
2444,14-nov.-22,1618,Programa Reflorestar (convencional),Granja do Ipê,convencional,50
2445,16-nov.-22,1945,Programa Reflorestar (convencional),Granja do Ipê,convencional,250
2446,16-nov.-22,1885,Programa Reflorestar (convencional),Granja do Ipê,convencional,300
2447,16-nov.-22,1519,Programa Reflorestar (convencional),Granja do Ipê,convencional,150
2448,17-nov.-22,1862,Programa Reflorestar (convencional),Granja do Ipê,convencional,250
2449,18-nov.-22,1941,Programa Reflorestar (convencional),Granja do Ipê,convencional,100
2450,18-nov.-22,1953,Programa Reflorestar (convencional),Granja do Ipê,convencional,250
2451,17-nov.-22,209,Programa Reflorestar (convencional),Granja do Ipê,convencional,250
2452,18-nov.-22,1884,Programa Reflorestar (convencional),Granja do Ipê,convencional,250
2453,21-nov.-22,303,Programa Reflorestar (convencional),Granja do Ipê,convencional,250
2456,21-nov.-22,1950,Programa Reflorestar (convencional),Granja do Ipê,convencional,257
2458,21-nov.-22,2066,Programa Reflorestar (convencional),Granja do Ipê,convencional,250
2459,22-nov.-22,1961,Programa Reflorestar (convencional),Granja do Ipê,convencional,250
2462,21-nov.-22,1969,Programa Reflorestar (convencional),Granja do Ipê,eventos,100
2463,23-nov.-22,423,Programa Reflorestar (convencional),Granja do Ipê,convencional,250
2464,23-nov.-22,1972,Programa Reflorestar (convencional),Granja do Ipê,convencional,313
2465,23-nov.-22,1973,Programa Reflorestar (convencional),Granja do Ipê,convencional,290
2466,23-nov.-22,1974,Programa Reflorestar (convencional),Granja do Ipê,convencional,200
2468,23-nov.-22,1975,Programa Reflorestar (convencional),Granja do Ipê,convencional,280
2469,29-nov.-22,1870,Programa Reflorestar (convencional),Granja do Ipê,convencional,50
2471,25-nov.-22,1936,Programa Reflorestar (convencional),Granja do Ipê,convencional,50
2472,25-nov.-22,1889,Programa Reflorestar (convencional),Granja do Ipê,convencional,50
2473,25-nov.-22,1939,Programa Reflorestar (convencional),Granja do Ipê,convencional,50
2474,25-nov.-22,1948,Programa Reflorestar (convencional),Granja do Ipê,convencional,50
2475,29-nov.-22,1903,Programa Reflorestar (convencional),Granja do Ipê,convencional,150
2476,29-nov.-22,1944,Programa Reflorestar (convencional),Granja do Ipê,convencional,50
2477,25-nov.-22,1976,Programa Reflorestar (convencional),Granja do Ipê,convencional,50
2478,25-nov.-22,1871,Programa Reflorestar (convencional),Granja do Ipê,convencional,50
2479,29-nov.-22,1962,Programa Reflorestar (convencional),Granja do Ipê,convencional,300
2481,09-nov.-22,1934,Programa Reflorestar (convencional),Granja do Ipê,convencional,250
2483,29-nov.-22,1977,Programa Reflorestar (convencional),Granja do Ipê,eventos,700
2484,29-nov.-22,1978,Programa Reflorestar (convencional),Granja do Ipê,convencional,831
2485,01-dez.-22,1780,Programa Reflorestar (convencional),Granja do Ipê,convencional,250
2487,02-dez.-22,1951,Programa Reflorestar (convencional),Granja do Ipê,convencional,250
2488,05-dez.-22,1516,Programa Reflorestar (convencional),Granja do Ipê,convencional,250
2489,06-dez.-22,1054,Programa Reflorestar (convencional),Granja do Ipê,convencional,250
2490,06-dez.-22,1288,Programa Reflorestar (convencional),Granja do Ipê,convencional,50
2491,06-dez.-22,305,Programa Reflorestar (convencional),Granja do Ipê,convencional,150
2492,06-dez.-22,1425,Programa Reflorestar (convencional),Granja do Ipê,convencional,300
2493,07-dez.-22,1868,Programa Reflorestar (convencional),Granja do Ipê,convencional,250
2494,07-dez.-22,926,Programa Reflorestar (convencional),Granja do Ipê,convencional,250
2497,08-dez.-22,1872,Programa Reflorestar (convencional),Granja do Ipê,convencional,100
2498,08-dez.-22,1921,Programa Reflorestar (convencional),Granja do Ipê,convencional,100
2499,08-dez.-22,398,Programa Reflorestar (convencional),Granja do Ipê,convencional,150
2501,12-dez.-22,310,Programa Reflorestar (convencional),Granja do Ipê,convencional,250
2502,12-dez.-22,1982,Programa Reflorestar (convencional),Granja do Ipê,convencional,250
2504,14-dez.-22,1985,Programa Reflorestar (convencional),Granja do Ipê,convencional,200
2505,12-dez.-22,1736,Programa Reflorestar (convencional),Granja do Ipê,convencional,250
2506,15-dez.-22,1704,Programa Reflorestar (convencional),Granja do Ipê,convencional,65
2507,13-dez.-22,1874,Programa Reflorestar (convencional),Granja do Ipê,convencional,250
2508,13-dez.-22,328,Programa Reflorestar (convencional),Granja do Ipê,convencional,250
2509,13-dez.-22,641,Programa Reflorestar (convencional),Granja do Ipê,convencional,100
2510,15-dez.-22,1897,Programa Reflorestar (convencional),Granja do Ipê,convencional,250
2511,15-dez.-22,1896,Programa Reflorestar (convencional),Granja do Ipê,convencional,250
2512,15-dez.-22,1887,Programa Reflorestar (convencional),Granja do Ipê,convencional,250
2513,15-dez.-22,1886,Programa Reflorestar (convencional),Granja do Ipê,convencional,250
2514,14-dez.-22,1867,Programa Reflorestar (convencional),Granja do Ipê,convencional,250
2515,01-jan.-17,1988,Programa Reflorestar (convencional),Granja do Ipê,convencional,200
2516,13-dez.-22,354,Programa Reflorestar (convencional),Granja do Ipê,convencional,200
2517,20-fev.-20,1990,Programa Reflorestar (convencional),Granja do Ipê,convencional,100
2518,08-jan.-18,1991,Programa Reflorestar (convencional),Granja do Ipê,convencional,40
2519,29-out.-18,1549,Programa Reflorestar (convencional),Granja do Ipê,convencional,150
2520,08-jan.-20,1545,Programa Reflorestar (convencional),Granja do Ipê,convencional,125
2521,09-jan.-20,1545,Programa Reflorestar (convencional),Granja do Ipê,convencional,125
2523,16-dez.-22,1960,Programa Reflorestar (convencional),Granja do Ipê,convencional,250
2524,16-dez.-22,1989,Programa Reflorestar (convencional),Granja do Ipê,eventos,30
2525,14-dez.-22,1992,Programa Reflorestar (convencional),Granja do Ipê,convencional,50
2526,21-fev.-13,1993,Programa Reflorestar (convencional),Casa do Cerrado,convencional,500
2527,09-nov.-12,1994,Programa Reflorestar (convencional),Casa do Cerrado,convencional,50
2528,27-set.-14,1995,Programa Reflorestar (convencional),Granja do Ipê,convencional,140
2529,28-dez.-15,1996,Programa Reflorestar (convencional),Granja do Ipê,convencional,100
2530,18-set.-14,1997,Programa Reflorestar (convencional),Casa do Cerrado,convencional,145
2531,19-dez.-14,1998,Programa Reflorestar (convencional),Casa do Cerrado,convencional,150
2532,17-dez.-13,1999,Programa Reflorestar (convencional),Casa do Cerrado,convencional,35
2533,01-dez.-16,1999,Programa Reflorestar (convencional),Granja do Ipê,convencional,100
2534,01-nov.-17,2000,Programa Reflorestar (convencional),Granja do Ipê,convencional,105
2535,01-nov.-17,2000,Programa Reflorestar (convencional),Casa do Cerrado,convencional,161
2536,25-out.-12,2001,Programa Reflorestar (convencional),Granja do Ipê,convencional,400
2537,24-jun.-13,2001,Programa Reflorestar (convencional),Casa do Cerrado,convencional,10
2538,11-jan.-16,2002,Programa Reflorestar (convencional),Granja do Ipê,convencional,200
2539,19-dez.-13,2003,Programa Reflorestar (convencional),Casa do Cerrado,convencional,400
2540,20-dez.-17,2004,Programa Reflorestar (convencional),Casa do Cerrado,convencional,145
2541,20-dez.-17,2004,Programa Reflorestar (convencional),Granja do Ipê,convencional,105
2542,17-dez.-18,2005,Programa Reflorestar (convencional),Granja do Ipê,convencional,250
2543,05-out.-14,2006,Programa Reflorestar (convencional),Casa do Cerrado,convencional,300
2544,30-ago.-12,2007,Programa Reflorestar (convencional),Casa do Cerrado,convencional,150
2545,02-dez.-13,2008,Programa Reflorestar (convencional),Casa do Cerrado,convencional,50
2546,18-dez.-12,2009,Programa Reflorestar (convencional),Casa do Cerrado,convencional,30
2547,01-jan.-17,2010,Programa Reflorestar (convencional),Granja do Ipê,convencional,150
2548,12-dez.-12,2012,Programa Reflorestar (convencional),Casa do Cerrado,convencional,100
2549,23-nov.-12,2013,Programa Reflorestar (convencional),Casa do Cerrado,convencional,100
2550,11-dez.-18,2014,Programa Reflorestar (convencional),Granja do Ipê,convencional,120
2551,20-ago.-13,2016,Programa Reflorestar (convencional),Casa do Cerrado,convencional,160
2553,15-dez.-22,1517,Programa Reflorestar (convencional),Granja do Ipê,convencional,100
2555,15-dez.-22,1970,Programa Reflorestar (convencional),Granja do Ipê,convencional,250
2556,15-dez.-22,2018,Programa Reflorestar (convencional),Granja do Ipê,convencional,250
2557,16-dez.-22,2023,Programa Reflorestar (convencional),Granja do Ipê,convencional,30
2558,23-fev.-16,2028,Programa Reflorestar (convencional),Granja do Ipê,convencional,300
2560,28-nov.-18,562,Programa Reflorestar (convencional),Granja do Ipê,convencional,250
2561,03-dez.-19,562,Programa Reflorestar (convencional),Granja do Ipê,convencional,100
2562,31-out.-17,2029,Programa Reflorestar (convencional),Granja do Ipê,convencional,666
2563,29-jan.-14,2030,Programa Reflorestar (convencional),Casa do Cerrado,convencional,150
2564,07-abr.-14,2030,Programa Reflorestar (convencional),Casa do Cerrado,convencional,150
2565,11-out.-12,2031,Programa Reflorestar (convencional),Casa do Cerrado,convencional,260
2566,17-out.-12,2031,Programa Reflorestar (convencional),Granja do Ipê,convencional,250
2567,23-out.-13,2031,Programa Reflorestar (convencional),Granja do Ipê,convencional,497
2568,03-fev.-09,2032,Programa Reflorestar (convencional),Granja do Ipê,convencional,400
2569,29-nov.-13,2033,Programa Reflorestar (convencional),Granja do Ipê,convencional,500
2570,04-jan.-23,1986,Programa Reflorestar (convencional),Granja do Ipê,convencional,250
2571,03-jan.-23,1984,Programa Reflorestar (convencional),Granja do Ipê,convencional,117
2575,05-jan.-23,1966,Programa Reflorestar (convencional),Granja do Ipê,convencional,176
2578,05-jan.-23,673,Programa Reflorestar (convencional),Granja do Ipê,convencional,50
2579,04-jan.-23,1980,Programa Reflorestar (convencional),Granja do Ipê,convencional,100
2580,06-jan.-23,710,Programa Reflorestar (convencional),Granja do Ipê,convencional,250
2581,05-jan.-23,905,Programa Reflorestar (convencional),Granja do Ipê,convencional,250
2582,04-jan.-23,2022,Programa Reflorestar (convencional),Granja do Ipê,convencional,250
2583,04-jan.-23,2020,Programa Reflorestar (convencional),Granja do Ipê,convencional,250
2584,04-jan.-23,2021,Programa Reflorestar (convencional),Granja do Ipê,convencional,250
2585,09-jan.-23,1947,Programa Reflorestar (convencional),Granja do Ipê,convencional,250
2586,09-jan.-23,1928,Programa Reflorestar (convencional),Granja do Ipê,convencional,250
2588,09-jan.-23,2039,Programa Reflorestar (convencional),Granja do Ipê,convencional,250
2589,10-jan.-23,2041,Programa Reflorestar (convencional),Granja do Ipê,convencional,250
2590,10-jan.-23,1779,Programa Reflorestar (convencional),Granja do Ipê,convencional,200
2592,10-jan.-23,1843,Programa Reflorestar (convencional),Granja do Ipê,convencional,200
2593,10-jan.-23,1855,Programa Reflorestar (convencional),Granja do Ipê,convencional,250
2594,11-jan.-23,275,Programa Reflorestar (convencional),Granja do Ipê,convencional,200
2595,12-jan.-23,2045,Programa Reflorestar (convencional),Granja do Ipê,convencional,250
2596,12-jan.-23,2043,Programa Reflorestar (convencional),Granja do Ipê,convencional,250
2597,12-jan.-23,2046,Programa Reflorestar (convencional),Granja do Ipê,convencional,300
2598,13-jan.-23,1468,Programa Reflorestar (convencional),Granja do Ipê,convencional,50
2599,13-jan.-23,1981,Programa Reflorestar (convencional),Granja do Ipê,convencional,50
2600,13-jan.-23,2035,Programa Reflorestar (convencional),Granja do Ipê,convencional,250
2601,20-jan.-23,2047,Programa Reflorestar (convencional),Granja do Ipê,convencional,100
2602,13-jan.-23,1981,Programa Reflorestar (convencional),Granja do Ipê,convencional,52
2603,16-jan.-23,1673,Programa Reflorestar (convencional),Granja do Ipê,convencional,250
2604,03-jan.-22,1954,Programa Reflorestar (convencional),Granja do Ipê,convencional,250
2605,17-jan.-23,1436,Programa Reflorestar (convencional),Granja do Ipê,convencional,250
2606,16-jan.-23,1605,Programa Reflorestar (convencional),Granja do Ipê,convencional,100
2607,17-jan.-23,312,Programa Reflorestar (convencional),Granja do Ipê,convencional,250
2608,17-jan.-23,1620,Programa Reflorestar (convencional),Granja do Ipê,convencional,250
2609,17-jan.-23,2026,Programa Reflorestar (convencional),Granja do Ipê,convencional,272
2611,17-jan.-23,1957,Programa Reflorestar (convencional),Granja do Ipê,convencional,251
2612,17-jan.-23,1573,Programa Reflorestar (convencional),Granja do Ipê,convencional,250
2613,17-jan.-23,1517,Programa Reflorestar (convencional),Granja do Ipê,convencional,150
2614,19-jan.-23,2049,Programa Reflorestar (convencional),Granja do Ipê,convencional,250
2615,19-jan.-23,2048,Programa Reflorestar (convencional),Granja do Ipê,convencional,250
2616,19-jan.-23,2052,Programa Reflorestar (convencional),Granja do Ipê,convencional,250
2617,19-jan.-23,2053,Programa Reflorestar (convencional),Granja do Ipê,convencional,250
2618,19-jan.-23,2050,Programa Reflorestar (convencional),Granja do Ipê,convencional,250
2620,20-jan.-23,2060,Programa Reflorestar (convencional),Granja do Ipê,convencional,250
2621,20-jan.-23,1987,Programa Reflorestar (convencional),Granja do Ipê,convencional,250
2622,20-jan.-23,2036,Programa Reflorestar (convencional),Granja do Ipê,convencional,50
2623,20-jan.-23,571,Programa Reflorestar (convencional),Granja do Ipê,convencional,300
2624,20-jan.-23,2058,Programa Reflorestar (convencional),Granja do Ipê,convencional,100
2625,25-jan.-23,1863,Programa Reflorestar (convencional),Granja do Ipê,convencional,100
2626,24-jan.-23,641,Programa Reflorestar (convencional),Granja do Ipê,convencional,150
2629,24-jan.-23,1843,Programa Reflorestar (convencional),Granja do Ipê,convencional,310
2630,27-jan.-23,1898,Programa Reflorestar (convencional),Granja do Ipê,convencional,300
2631,27-jan.-23,1929,Programa Reflorestar (convencional),Granja do Ipê,convencional,300
2632,24-jan.-23,1394,Programa Reflorestar (convencional),Granja do Ipê,convencional,50
2633,24-jan.-23,1123,Programa Reflorestar (convencional),Granja do Ipê,convencional,250
2634,25-jan.-23,1873,Programa Reflorestar (convencional),Granja do Ipê,convencional,150
2636,26-jan.-23,838,Programa Reflorestar (convencional),Granja do Ipê,convencional,250
2637,30-jan.-23,2063,Programa Reflorestar (convencional),Granja do Ipê,convencional,200
2638,27-jan.-23,2034,Programa Reflorestar (convencional),Granja do Ipê,convencional,250
2639,30-jan.-23,1636,Programa Reflorestar (convencional),Granja do Ipê,convencional,50
2641,30-jan.-23,2066,Programa Reflorestar (convencional),Granja do Ipê,convencional,300
2642,30-jan.-23,1222,Programa Reflorestar (convencional),Granja do Ipê,convencional,234
2643,31-jan.-23,378,Programa Reflorestar (convencional),Granja do Ipê,convencional,350
2645,01-fev.-23,1427,Programa Reflorestar (convencional),Granja do Ipê,convencional,250
2648,01-fev.-23,2067,Programa Reflorestar (convencional),Granja do Ipê,convencional,250
2649,01-fev.-23,2065,Programa Reflorestar (convencional),Granja do Ipê,convencional,250
2650,01-fev.-23,2051,Programa Reflorestar (convencional),Granja do Ipê,convencional,250
2651,05-jan.-12,2069,Programa Reflorestar (convencional),Granja do Ipê,convencional,100
2652,01-fev.-23,2037,Programa Reflorestar (convencional),Granja do Ipê,convencional,250
2653,31-out.-13,2070,Programa Reflorestar (convencional),Granja do Ipê,convencional,600
2654,21-dez.-17,2071,Programa Reflorestar (convencional),Granja do Ipê,convencional,100
2655,07-jan.-20,2072,Programa Reflorestar (convencional),Granja do Ipê,convencional,250
2657,10-nov.-17,2073,Programa Reflorestar (convencional),Granja do Ipê,convencional,210
2658,10-nov.-17,2073,Programa Reflorestar (convencional),Casa do Cerrado,convencional,290
2659,18-nov.-19,2074,Programa Reflorestar (convencional),Granja do Ipê,convencional,50
2660,18-out.-13,2075,Programa Reflorestar (convencional),Casa do Cerrado,convencional,400
2661,05-mai.-15,2076,Programa Reflorestar (convencional),Granja do Ipê,convencional,150
2662,25-nov.-16,2077,Programa Reflorestar (convencional),Granja do Ipê,convencional,500
2663,05-out.-11,2078,Programa Reflorestar (convencional),Casa do Cerrado,convencional,50
2664,11-dez.-12,2078,Programa Reflorestar (convencional),Casa do Cerrado,convencional,50
2665,02-jul.-13,2078,Programa Reflorestar (convencional),Casa do Cerrado,convencional,60
2666,28-out.-09,2079,Programa Reflorestar (convencional),Granja do Ipê,convencional,300
2667,26-out.-12,2080,Programa Reflorestar (convencional),Granja do Ipê,convencional,50
2668,05-abr.-11,2081,Programa Reflorestar (convencional),Casa do Cerrado,convencional,300
2669,02-ago.-12,2081,Programa Reflorestar (convencional),Casa do Cerrado,convencional,300
2670,24-mar.-16,2082,Programa Reflorestar (convencional),Granja do Ipê,convencional,300
2671,14-nov.-16,2082,Programa Reflorestar (convencional),Granja do Ipê,convencional,1000
2672,22-set.-09,2083,Programa Reflorestar (convencional),Granja do Ipê,convencional,1100
2673,04-abr.-11,2083,Programa Reflorestar (convencional),Casa do Cerrado,convencional,1000
2674,22-nov.-18,2084,Programa Reflorestar (convencional),Granja do Ipê,convencional,250
2678,03-fev.-23,2054,Programa Reflorestar (convencional),Granja do Ipê,convencional,250
2679,02-fev.-23,2085,Programa Reflorestar (convencional),Granja do Ipê,convencional,250
2682,03-fev.-23,2087,Programa Reflorestar (convencional),Granja do Ipê,convencional,260
2684,07-fev.-23,838,Programa Reflorestar (convencional),Granja do Ipê,convencional,300
2685,10-fev.-23,1576,Programa Reflorestar (convencional),Granja do Ipê,convencional,250
2686,08-fev.-23,2068,Programa Reflorestar (convencional),Granja do Ipê,convencional,250
2687,08-fev.-23,2064,Programa Reflorestar (convencional),Granja do Ipê,convencional,250
2689,08-fev.-23,2055,Programa Reflorestar (convencional),Granja do Ipê,convencional,250
2690,10-fev.-23,2086,Programa Reflorestar (convencional),Granja do Ipê,convencional,100
2691,09-fev.-23,1876,Programa Reflorestar (convencional),Granja do Ipê,convencional,200
2692,09-fev.-23,1900,Programa Reflorestar (convencional),Granja do Ipê,convencional,250
2694,10-fev.-23,2088,Programa Reflorestar (convencional),Granja do Ipê,convencional,150
2696,13-fev.-23,1964,Programa Reflorestar (convencional),Granja do Ipê,convencional,51
2697,14-fev.-23,2089,Programa Reflorestar (convencional),Granja do Ipê,Educação Ambiental,150
2698,14-fev.-23,2090,Programa Reflorestar (convencional),Granja do Ipê,convencional,132
2699,15-fev.-23,1877,Programa Reflorestar (convencional),Granja do Ipê,convencional,300
2700,17-fev.-23,378,Programa Reflorestar (convencional),Granja do Ipê,convencional,400
2701,24-fev.-23,2092,Programa Reflorestar (convencional),Granja do Ipê,convencional,250
2702,24-fev.-23,2093,Programa Reflorestar (convencional),Granja do Ipê,convencional,250
2703,23-fev.-23,2094,Programa Reflorestar (convencional),Granja do Ipê,convencional,251
2705,01-mar.-23,1761,Programa Reflorestar (convencional),Granja do Ipê,convencional,73
2707,01-mar.-23,2095,Programa Reflorestar (convencional),Granja do Ipê,convencional,150
2708,01-mar.-23,2056,Programa Reflorestar (convencional),Granja do Ipê,convencional,250
2709,26-jan.-12,1970,Programa Reflorestar (convencional),Granja do Ipê,convencional,500
2710,16-abr.-13,1970,Programa Reflorestar (convencional),Casa do Cerrado,convencional,800
2711,14-jan.-13,2096,Programa Reflorestar (convencional),Granja do Ipê,convencional,500
2712,02-dez.-16,2097,Programa Reflorestar (convencional),Granja do Ipê,convencional,5000
2713,16-set.-14,2098,Programa Reflorestar (convencional),Casa do Cerrado,convencional,100
2714,16-jan.-13,2099,Programa Reflorestar (convencional),Granja do Ipê,convencional,100
2715,25-nov.-13,2099,Programa Reflorestar (convencional),Granja do Ipê,convencional,120
2716,01-dez.-15,2099,Programa Reflorestar (convencional),Granja do Ipê,convencional,150
2717,04-dez.-17,2099,Programa Reflorestar (convencional),Casa do Cerrado,convencional,150
2718,17-mar.-15,2100,Programa Reflorestar (convencional),Granja do Ipê,convencional,50
2719,22-ago.-11,2101,Programa Reflorestar (convencional),Granja do Ipê,convencional,400
2720,10-out.-11,2103,Programa Reflorestar (convencional),Casa do Cerrado,convencional,300
2721,24-abr.-13,2103,Programa Reflorestar (convencional),Casa do Cerrado,convencional,100
2722,07-mar.-14,2103,Programa Reflorestar (convencional),Casa do Cerrado,convencional,100
2723,23-out.-14,2103,Programa Reflorestar (convencional),Casa do Cerrado,convencional,130
2724,03-dez.-09,2105,Programa Reflorestar (convencional),Granja do Ipê,convencional,100
2725,08-dez.-14,2106,Programa Reflorestar (convencional),Casa do Cerrado,convencional,200
2726,28-jan.-13,2107,Programa Reflorestar (convencional),Casa do Cerrado,convencional,300
2727,19-mar.-14,2107,Programa Reflorestar (convencional),Casa do Cerrado,convencional,150
2728,05-dez.-14,2108,Programa Reflorestar (convencional),Casa do Cerrado,convencional,60
2729,23-dez.-15,2108,Programa Reflorestar (convencional),Granja do Ipê,convencional,50
2730,22-set.-16,2108,Programa Reflorestar (convencional),Granja do Ipê,convencional,70
2731,04-dez.-10,2109,Programa Reflorestar (convencional),Granja do Ipê,convencional,600
2732,15-mar.-18,2110,Programa Reflorestar (convencional),Granja do Ipê,convencional,100
2733,19-dez.-13,2111,Programa Reflorestar (convencional),Casa do Cerrado,convencional,145
2734,05-dez.-14,2111,Programa Reflorestar (convencional),Casa do Cerrado,convencional,100
2735,29-jan.-16,2112,Programa Reflorestar (convencional),Granja do Ipê,convencional,300
2736,18-mar.-14,2113,Programa Reflorestar (convencional),Casa do Cerrado,convencional,500
2737,02-mar.-23,2115,Programa Reflorestar (convencional),Granja do Ipê,convencional,10
2738,02-mar.-23,2114,Programa Reflorestar (convencional),Granja do Ipê,convencional,200
2739,07-mar.-23,2116,Programa Reflorestar (convencional),Granja do Ipê,convencional,250
2740,08-mar.-23,2091,Programa Reflorestar (convencional),Granja do Ipê,convencional,20
2741,05-jul.-17,2119,Programa Reflorestar (convencional),Granja do Ipê,convencional,55
2742,22-out.-09,2120,Programa Reflorestar (convencional),Granja do Ipê,convencional,570
2743,05-nov.-11,2120,Programa Reflorestar (convencional),Casa do Cerrado,convencional,500
2744,27-jan.-17,2120,Programa Reflorestar (convencional),Granja do Ipê,convencional,100
2745,18-jan.-18,2120,Programa Reflorestar (convencional),Granja do Ipê,convencional,50
2746,29-jan.-12,2121,Programa Reflorestar (convencional),Granja do Ipê,convencional,50
2747,08-out.-13,2122,Programa Reflorestar (convencional),Casa do Cerrado,convencional,120
2748,25-jul.-14,2122,Programa Reflorestar (convencional),Casa do Cerrado,convencional,180
2749,03-dez.-09,2123,Programa Reflorestar (convencional),Granja do Ipê,convencional,150
2750,05-nov.-11,2123,Programa Reflorestar (convencional),Casa do Cerrado,convencional,400
2751,12-nov.-13,2123,Programa Reflorestar (convencional),Granja do Ipê,convencional,160
2752,15-jun.-12,2124,Programa Reflorestar (convencional),Casa do Cerrado,convencional,150
2753,24-jan.-17,2125,Programa Reflorestar (convencional),Granja do Ipê,convencional,300
2754,09-jan.-17,2125,Programa Reflorestar (convencional),Granja do Ipê,convencional,700
2755,04-dez.-14,2126,Programa Reflorestar (convencional),Granja do Ipê,convencional,230
2756,22-out.-14,2127,Programa Reflorestar (convencional),Casa do Cerrado,convencional,300
2757,02-dez.-15,2127,Programa Reflorestar (convencional),Granja do Ipê,convencional,300
2758,02-jan.-13,2128,Programa Reflorestar (convencional),Granja do Ipê,convencional,100
2759,01-nov.-17,2129,Programa Reflorestar (convencional),Granja do Ipê,convencional,500
2760,06-fev.-19,2129,Programa Reflorestar (convencional),Granja do Ipê,convencional,150
2761,13-mai.-13,2130,Programa Reflorestar (convencional),Casa do Cerrado,convencional,800
2762,17-jan.-19,2131,Programa Reflorestar (convencional),Granja do Ipê,convencional,60
2763,01-fev.-18,2132,Programa Reflorestar (convencional),Granja do Ipê,convencional,200
2764,11-nov.-13,2133,Programa Reflorestar (convencional),Casa do Cerrado,convencional,150
2765,11-dez.-14,2134,Programa Reflorestar (convencional),Casa do Cerrado,convencional,350
2766,09-dez.-16,2135,Programa Reflorestar (convencional),Granja do Ipê,convencional,200
2767,05-dez.-10,1955,Programa Reflorestar (convencional),Granja do Ipê,convencional,1500
2768,09-fev.-12,1955,Programa Reflorestar (convencional),Granja do Ipê,convencional,200
2769,20-dez.-16,2136,Programa Reflorestar (convencional),Granja do Ipê,convencional,1000
2770,25-out.-11,2137,Programa Reflorestar (convencional),Granja do Ipê,convencional,200
2771,03-dez.-09,2137,Programa Reflorestar (convencional),Granja do Ipê,convencional,150
2772,15-mar.-11,2138,Programa Reflorestar (convencional),Casa do Cerrado,convencional,200
2773,05-dez.-17,2139,Programa Reflorestar (convencional),Granja do Ipê,convencional,25
2774,19-nov.-12,2140,Programa Reflorestar (convencional),Casa do Cerrado,convencional,50
2775,17-jan.-20,2141,Programa Reflorestar (convencional),Granja do Ipê,convencional,250
2776,13-fev.-09,2142,Programa Reflorestar (convencional),Granja do Ipê,convencional,400
2777,18-nov.-09,2142,Programa Reflorestar (convencional),Granja do Ipê,convencional,50
2778,18-nov.-09,2142,Programa Reflorestar (convencional),Granja do Ipê,convencional,400
2779,03-fev.-09,2142,Programa Reflorestar (convencional),Granja do Ipê,convencional,450
2780,05-dez.-10,2142,Programa Reflorestar (convencional),Granja do Ipê,convencional,204
2781,05-mar.-11,2142,Programa Reflorestar (convencional),Granja do Ipê,convencional,400
2782,01-jul.-13,2142,Programa Reflorestar (convencional),Casa do Cerrado,convencional,50
2783,24-out.-16,2143,Programa Reflorestar (convencional),Granja do Ipê,convencional,30
2784,21-fev.-17,2143,Programa Reflorestar (convencional),Granja do Ipê,convencional,15
2785,30-out.-17,2145,Programa Reflorestar (convencional),Granja do Ipê,convencional,900
2786,17-jan.-19,2145,Programa Reflorestar (convencional),Granja do Ipê,convencional,950
2787,10-mar.-23,2146,Programa Reflorestar (convencional),Granja do Ipê,convencional,250
2788,14-nov.-13,1509,Programa Reflorestar (convencional),Casa do Cerrado,convencional,150
2790,13-mar.-23,2017,Programa Reflorestar (convencional),Granja do Ipê,convencional,150
2791,15-mar.-23,2091,Programa Reflorestar (convencional),Granja do Ipê,convencional,20
2792,22-mar.-23,2147,Programa Reflorestar (convencional),Granja do Ipê,convencional,50
2793,22-mar.-23,2091,Programa Reflorestar (convencional),Granja do Ipê,convencional,20
2795,28-mar.-23,2091,Programa Reflorestar (convencional),Granja do Ipê,convencional,30
2796,12-abr.-23,2149,Programa Reflorestar (convencional),Granja do Ipê,convencional,300
2797,20-abr.-23,2117,Programa Reflorestar (convencional),Granja do Ipê,Educação Ambiental,20
2798,07-out.-15,717,Programa Reflorestar (convencional),Granja do Ipê,Convencional,350
2799,08-dez.-17,719,Programa Reflorestar (convencional),Granja do Ipê,Convencional,295
2800,10-jan.-14,789,Programa Reflorestar (convencional),Casa do Cerrado,Convencional,180
2801,28-abr.-23,2148,Programa Reflorestar (convencional),Granja do Ipê,Convencional,105
2802,03-mai.-23,2151,Programa Reflorestar (convencional),Granja do Ipê,Convencional,30
2803,17-mai.-23,2153,Programa Reflorestar (convencional),Granja do Ipê,Convencional,250
2804,22-mai.-23,2155,Programa Reflorestar (convencional),Granja do Ipê,Eventos,15
2805,07-jun.-23,2159,Programa Reflorestar (convencional),Granja do Ipê,Convencional,226
2806,19-jun.-23,2160,Programa Reflorestar (convencional),Granja do Ipê,Convencional,250
2807,20-jun.-23,2169,Programa Reflorestar (convencional),Granja do Ipê,Convencional,70
2808,05-jul.-23,2168,Programa Reflorestar (convencional),Granja do Ipê,Educação Ambiental,80
2809,07-jul.-23,2174,Programa Reflorestar (convencional),Granja do Ipê,Convencional,60
2812,25-jul.-23,2176,Programa Reflorestar (convencional),Granja do Ipê,Convencional,300
2813,01-ago.-23,1980,Programa Reflorestar (convencional),Granja do Ipê,Convencional,100
2815,03-ago.-23,2178,Programa Reflorestar (convencional),Granja do Ipê,Convencional,30
2816,04-ago.-23,2181,Programa Reflorestar (convencional),Granja do Ipê,Convencional,125
2818,01-out.-23,2183,Programa Reflorestar (convencional),Granja do Ipê,Educação Ambiental,500
2819,11-ago.-23,2184,Programa Reflorestar (convencional),Granja do Ipê,Convencional,250
2820,17-ago.-23,2173,Programa Reflorestar (convencional),Granja do Ipê,Convencional,750
2821,08-dez.-22,1064,Programa Reflorestar (convencional),Granja do Ipê,Convencional,250
2822,01-out.-23,2187,Programa Reflorestar (convencional),Granja do Ipê,Convencional,200
2823,01-out.-23,2188,Programa Reflorestar (convencional),Granja do Ipê,Eventos,20
2824,01-out.-23,2189,Programa Reflorestar (convencional),Granja do Ipê,Educação Ambiental,1
2825,01-out.-23,2190,Programa Reflorestar (convencional),Granja do Ipê,Educação Ambiental,160
2826,07-ago.-12,2208,Programa Reflorestar (convencional),Casa do Cerrado,Convencional,133
2827,22-out.-12,2209,Programa Reflorestar (convencional),Casa do Cerrado,Convencional,310
2828,01-out.-23,2213,Programa Reflorestar (convencional),Granja do Ipê,Educação Ambiental,50
2829,01-out.-23,1406,Programa Reflorestar (convencional),Granja do Ipê,Convencional,115
2830,02-out.-23,444,Programa Reflorestar (convencional),Granja do Ipê,Convencional,90
2831,31-jan.-13,1314,Programa Reflorestar (convencional),Granja do Ipê,Convencional,600
2832,04-out.-23,2217,Programa Reflorestar (convencional),Granja do Ipê,Convencional,130
2833,05-out.-23,302,Programa Reflorestar (convencional),Granja do Ipê,Convencional,250
2834,05-out.-23,2231,Programa Reflorestar (convencional),Granja do Ipê,Convencional,500
2836,06-out.-23,2221,Programa Reflorestar (convencional),Granja do Ipê,Convencional,110
2837,06-out.-23,1874,Programa Reflorestar (convencional),Granja do Ipê,Convencional,170
2838,09-out.-23,2230,Programa Reflorestar (convencional),Granja do Ipê,Convencional,250
2839,11-out.-23,2227,Programa Reflorestar (convencional),Granja do Ipê,Convencional,250
2840,11-out.-23,2224,Programa Reflorestar (convencional),Granja do Ipê,Convencional,250
2841,11-out.-23,2225,Programa Reflorestar (convencional),Granja do Ipê,Convencional,500
2842,11-out.-23,1572,Programa Reflorestar (convencional),Granja do Ipê,Convencional,250
2843,11-out.-23,838,Programa Reflorestar (convencional),Granja do Ipê,Convencional,300
2844,17-out.-23,1517,Programa Reflorestar (convencional),Granja do Ipê,Convencional,111
2845,17-out.-23,2207,Programa Reflorestar (convencional),Granja do Ipê,Convencional,130
2846,17-out.-23,1761,Programa Reflorestar (convencional),Granja do Ipê,Convencional,120
2847,17-out.-23,2249,Programa Reflorestar (convencional),Granja do Ipê,Eventos,100
2848,18-out.-23,2203,Programa Reflorestar (convencional),Granja do Ipê,Convencional,150
2849,19-out.-23,2181,Programa Reflorestar (convencional),Granja do Ipê,Convencional,250
2850,21-dez.-23,2163,Programa Reflorestar (convencional),Granja do Ipê,Convencional,700
2851,20-out.-23,2201,Programa Reflorestar (convencional),Granja do Ipê,Convencional,250
2852,20-out.-23,1815,Programa Reflorestar (convencional),Granja do Ipê,Convencional,250
2853,20-out.-23,2255,Programa Reflorestar (convencional),Granja do Ipê,Convencional,200
2854,20-out.-23,2256,Programa Reflorestar (convencional),Granja do Ipê,Convencional,200
2855,24-out.-23,2211,Programa Reflorestar (convencional),Granja do Ipê,Convencional,500
2856,24-out.-23,2198,Programa Reflorestar (convencional),Granja do Ipê,Convencional,250
2857,26-out.-23,1045,Programa Reflorestar (convencional),Granja do Ipê,Convencional,250
2858,27-out.-23,313,Programa Reflorestar (convencional),Granja do Ipê,Convencional,175
2859,27-out.-23,541,Programa Reflorestar (convencional),Granja do Ipê,Convencional,400
2860,27-out.-23,1879,Programa Reflorestar (convencional),Granja do Ipê,Convencional,250
2861,26-out.-23,2260,Programa Reflorestar (convencional),Granja do Ipê,Educação Ambiental,50
2862,27-out.-23,2261,Programa Reflorestar (convencional),Granja do Ipê,Convencional,500
2863,27-out.-23,2262,Programa Reflorestar (convencional),Granja do Ipê,Convencional,1000
2864,27-out.-23,2263,Programa Reflorestar (convencional),Granja do Ipê,Convencional,62
2865,30-out.-23,2204,Programa Reflorestar (convencional),Granja do Ipê,Convencional,250
2866,31-out.-23,2253,Programa Reflorestar (convencional),Granja do Ipê,Convencional,100
2867,31-out.-23,579,Programa Reflorestar (convencional),Granja do Ipê,Convencional,150
2868,30-out.-23,2146,Programa Reflorestar (convencional),Granja do Ipê,Convencional,250
2869,01-nov.-23,2264,Programa Reflorestar (convencional),Granja do Ipê,Convencional,80
2870,01-nov.-23,2191,Programa Reflorestar (convencional),Granja do Ipê,Convencional,243
2871,01-nov.-23,752,Programa Reflorestar (convencional),Granja do Ipê,Convencional,250
2872,03-nov.-23,1825,Programa Reflorestar (convencional),Granja do Ipê,Convencional,200
2873,03-nov.-23,274,Programa Reflorestar (convencional),Granja do Ipê,Convencional,270
2874,06-nov.-23,2195,Programa Reflorestar (convencional),Granja do Ipê,Convencional,80
2875,07-nov.-23,2192,Programa Reflorestar (convencional),Granja do Ipê,Convencional,30
2876,07-nov.-23,571,Programa Reflorestar (convencional),Granja do Ipê,Convencional,350
2877,08-nov.-23,1312,Programa Reflorestar (convencional),Granja do Ipê,Convencional,270
2879,09-nov.-23,1517,Programa Reflorestar (convencional),Granja do Ipê,Convencional,113
2880,10-nov.-23,2272,Programa Reflorestar (convencional),Granja do Ipê,Convencional,500
2881,10-nov.-23,2273,Programa Reflorestar (convencional),Granja do Ipê,Convencional,50
2882,14-nov.-23,2258,Programa Reflorestar (convencional),Granja do Ipê,Convencional,242
2883,14-nov.-23,2257,Programa Reflorestar (convencional),Granja do Ipê,Convencional,275
2884,13-nov.-23,2274,Programa Reflorestar (convencional),Granja do Ipê,Convencional,20
2885,13-nov.-23,2275,Programa Reflorestar (convencional),Granja do Ipê,Convencional,100
2886,13-nov.-23,2250,Programa Reflorestar (convencional),Granja do Ipê,Convencional,51
2887,14-nov.-23,2270,Programa Reflorestar (convencional),Granja do Ipê,Convencional,150
2888,21-nov.-23,1969,Programa Reflorestar (convencional),Granja do Ipê,Convencional,135
2889,16-nov.-23,1990,Programa Reflorestar (convencional),Granja do Ipê,Convencional,100
2890,17-nov.-23,2283,Programa Reflorestar (convencional),Granja do Ipê,Convencional,789
2891,17-nov.-23,2161,Programa Reflorestar (convencional),Granja do Ipê,Convencional,100
2892,21-nov.-23,2228,Programa Reflorestar (convencional),Granja do Ipê,Convencional,250
2893,21-nov.-23,1268,Programa Reflorestar (convencional),Granja do Ipê,Convencional,430
2894,21-nov.-23,2279,Programa Reflorestar (convencional),Granja do Ipê,Convencional,22
2895,22-nov.-23,2293,Programa Reflorestar (convencional),Granja do Ipê,Convencional,20
2896,24-nov.-23,2294,Programa Reflorestar (convencional),Granja do Ipê,Convencional,580
2897,23-nov.-23,2295,Programa Reflorestar (convencional),Granja do Ipê,Eventos,50
2898,27-nov.-23,1312,Programa Reflorestar (convencional),Granja do Ipê,Convencional,270
2899,27-nov.-23,2158,Programa Reflorestar (convencional),Granja do Ipê,Convencional,250
2900,27-nov.-23,2297,Programa Reflorestar (convencional),Granja do Ipê,Convencional,700
2901,24-nov.-23,2298,Programa Reflorestar (convencional),Granja do Ipê,Educação Ambiental,100
2902,28-nov.-23,2146,Programa Reflorestar (convencional),Granja do Ipê,Convencional,100
2903,28-nov.-23,2186,Programa Reflorestar (convencional),Granja do Ipê,Convencional,250
2904,28-nov.-23,2027,Programa Reflorestar (convencional),Granja do Ipê,Convencional,600
2905,29-nov.-23,2251,Programa Reflorestar (convencional),Granja do Ipê,Convencional,500
2906,01-dez.-23,1795,Programa Reflorestar (convencional),Granja do Ipê,Convencional,40
2907,29-nov.-23,2157,Programa Reflorestar (convencional),Granja do Ipê,Convencional,450
2908,29-nov.-23,1388,Programa Reflorestar (convencional),Granja do Ipê,Convencional,300
2909,01-dez.-23,2167,Programa Reflorestar (convencional),Granja do Ipê,Convencional,250
2910,01-dez.-23,358,Programa Reflorestar (convencional),Granja do Ipê,Convencional,150
2911,04-dez.-23,2212,Programa Reflorestar (convencional),Granja do Ipê,Convencional,250
2912,05-dez.-23,2182,Programa Reflorestar (convencional),Granja do Ipê,Convencional,150
2914,04-dez.-23,2282,Programa Reflorestar (convencional),Granja do Ipê,Convencional,100
2915,05-dez.-23,1961,Programa Reflorestar (convencional),Granja do Ipê,Convencional,150
2916,06-dez.-23,2299,Programa Reflorestar (convencional),Granja do Ipê,Educação Ambiental,50
2917,05-dez.-23,2300,Programa Reflorestar (convencional),Granja do Ipê,Educação Ambiental,30
2918,06-dez.-23,2301,Programa Reflorestar (convencional),Granja do Ipê,Convencional,250
2919,07-dez.-23,1745,Programa Reflorestar (convencional),Granja do Ipê,Educação Ambiental,50
2920,08-dez.-23,2162,Programa Reflorestar (convencional),Granja do Ipê,Convencional,250
2921,07-dez.-23,312,Programa Reflorestar (convencional),Granja do Ipê,Convencional,250
2922,08-dez.-23,2247,Programa Reflorestar (convencional),Granja do Ipê,Convencional,250
2923,08-dez.-23,2276,Programa Reflorestar (convencional),Granja do Ipê,Convencional,450
2924,11-dez.-23,2061,Programa Reflorestar (convencional),Granja do Ipê,Convencional,250
2925,12-dez.-23,2230,Programa Reflorestar (convencional),Granja do Ipê,Convencional,225
2926,11-dez.-23,2280,Programa Reflorestar (convencional),Granja do Ipê,Convencional,500
2927,11-dez.-23,1135,Programa Reflorestar (convencional),Granja do Ipê,Convencional,200
2928,11-dez.-23,1842,Programa Reflorestar (convencional),Granja do Ipê,Convencional,50
2929,11-dez.-23,2284,Programa Reflorestar (convencional),Granja do Ipê,Convencional,150
2930,11-dez.-23,1100,Programa Reflorestar (convencional),Granja do Ipê,Convencional,250
2931,11-dez.-23,2157,Programa Reflorestar (convencional),Granja do Ipê,Convencional,170
2932,12-dez.-23,2315,Programa Reflorestar (convencional),Granja do Ipê,Convencional,65
2933,12-dez.-23,2316,Programa Reflorestar (convencional),Granja do Ipê,Convencional,250
2934,14-dez.-23,1967,Programa Reflorestar (convencional),Granja do Ipê,Convencional,200
2935,12-dez.-23,2231,Programa Reflorestar (convencional),Granja do Ipê,Convencional,1000
2937,14-dez.-23,1962,Programa Reflorestar (convencional),Granja do Ipê,Educação Ambiental,1000
2938,14-dez.-23,1975,Programa Reflorestar (convencional),Granja do Ipê,Convencional,270
2939,14-dez.-23,1972,Programa Reflorestar (convencional),Granja do Ipê,Convencional,50
2940,14-dez.-23,1973,Programa Reflorestar (convencional),Granja do Ipê,Convencional,330
2941,14-dez.-23,1974,Programa Reflorestar (convencional),Granja do Ipê,Convencional,375
2942,14-dez.-23,2164,Programa Reflorestar (convencional),Granja do Ipê,Convencional,250
2943,14-dez.-23,2318,Programa Reflorestar (convencional),Granja do Ipê,Convencional,152
2944,15-dez.-23,398,Programa Reflorestar (convencional),Granja do Ipê,Convencional,150
2945,14-dez.-23,222,Programa Reflorestar (convencional),Granja do Ipê,Convencional,152
2946,15-dez.-23,2320,Programa Reflorestar (convencional),Granja do Ipê,Convencional,200
2947,15-dez.-23,222,Programa Reflorestar (convencional),Granja do Ipê,Convencional,150
2948,15-dez.-23,2321,Programa Reflorestar (convencional),Granja do Ipê,Educação Ambiental,50
2949,18-dez.-23,2319,Programa Reflorestar (convencional),Granja do Ipê,Convencional,500
2950,19-dez.-23,335,Programa Reflorestar (convencional),Granja do Ipê,Convencional,450
2951,19-dez.-23,2324,Programa Reflorestar (convencional),Granja do Ipê,Convencional,160
2952,21-dez.-23,2322,Programa Reflorestar (convencional),Granja do Ipê,Convencional,540
2953,22-dez.-23,2289,Programa Reflorestar (convencional),Granja do Ipê,Convencional,30
2954,20-dez.-23,1960,Programa Reflorestar (convencional),Granja do Ipê,Convencional,300
2955,20-dez.-23,222,Programa Reflorestar (convencional),Granja do Ipê,Convencional,250
2956,20-dez.-23,2270,Programa Reflorestar (convencional),Granja do Ipê,Convencional,150
2957,21-dez.-23,1736,Programa Reflorestar (convencional),Granja do Ipê,Convencional,230
2959,20-dez.-23,2328,Programa Reflorestar (convencional),Granja do Ipê,Educação Ambiental,100
2960,21-dez.-23,2163,Programa Reflorestar (convencional),Granja do Ipê,Convencional,250
2961,21-dez.-23,1970,Programa Reflorestar (convencional),Granja do Ipê,Convencional,500
2962,21-dez.-23,2193,Programa Reflorestar (convencional),Granja do Ipê,Convencional,280
2963,21-dez.-23,640,Programa Reflorestar (convencional),Granja do Ipê,Convencional,150
2964,22-dez.-23,2329,Programa Reflorestar (convencional),Granja do Ipê,Convencional,650
2965,22-dez.-23,2332,Programa Reflorestar (convencional),Granja do Ipê,Convencional,890
2966,21-dez.-23,2163,Programa Reflorestar (convencional),Granja do Ipê,Convencional,280
2967,22-dez.-23,2333,Programa Reflorestar (convencional),Granja do Ipê,Convencional,280
2969,04-jan.-24,2306,Programa Reflorestar (convencional),Granja do Ipê,Convencional,275
2970,10-jan.-24,970,Programa Reflorestar (convencional),Granja do Ipê,Convencional,100
2971,04-jan.-24,2270,Programa Reflorestar (convencional),Granja do Ipê,Convencional,150
2972,05-jan.-24,2186,Programa Reflorestar (convencional),Granja do Ipê,Convencional,110
2973,03-jan.-24,2333,Programa Reflorestar (convencional),Granja do Ipê,Convencional,500
2976,03-jan.-24,2327,Programa Reflorestar (convencional),Granja do Ipê,Convencional,500
2977,03-jan.-24,2337,Programa Reflorestar (convencional),Granja do Ipê,Convencional,500
2978,05-jan.-24,1874,Programa Reflorestar (convencional),Granja do Ipê,Convencional,170
2979,04-jan.-24,2193,Programa Reflorestar (convencional),Granja do Ipê,Convencional,436
2980,05-jan.-24,2231,Programa Reflorestar (convencional),Granja do Ipê,Convencional,700
2981,04-jan.-24,2323,Programa Reflorestar (convencional),Granja do Ipê,Convencional,540
2982,05-jan.-24,2231,Programa Reflorestar (convencional),Granja do Ipê,Convencional,1200
2983,05-jan.-24,372,Programa Reflorestar (convencional),Granja do Ipê,Convencional,100
2984,05-jan.-24,241,Produtor de Água Pipiripau,Granja do Ipê,Convencional,200
2985,05-jan.-24,210,Produtor de Água Pipiripau,Granja do Ipê,Convencional,200
2986,09-jan.-24,2336,Programa Reflorestar (convencional),Granja do Ipê,Convencional,215
2987,09-jan.-24,2211,Programa Reflorestar (convencional),Granja do Ipê,Convencional,500
2988,10-jan.-24,222,Programa Reflorestar (convencional),Granja do Ipê,Convencional,198
2989,10-jan.-24,2344,Programa Reflorestar (convencional),Granja do Ipê,Convencional,445
2990,09-jan.-24,2347,Programa Reflorestar (convencional),Granja do Ipê,Convencional,2000
2991,10-jan.-24,255,Produtor de Água Pipiripau,Granja do Ipê,Convencional,200
2992,10-jan.-24,2348,Produtor de Água Pipiripau,Granja do Ipê,Convencional,200
2993,10-jan.-24,262,Produtor de Água Pipiripau,Granja do Ipê,Convencional,50
2994,10-jan.-24,2349,Produtor de Água Pipiripau,Granja do Ipê,Convencional,50
2995,10-jan.-24,237,Produtor de Água Pipiripau,Granja do Ipê,Convencional,400
2996,10-jan.-24,2350,Produtor de Água Pipiripau,Granja do Ipê,Convencional,300
2997,11-jan.-24,2351,Produtor de Água Pipiripau,Granja do Ipê,Convencional,100
2998,11-jan.-24,2352,Produtor de Água Pipiripau,Granja do Ipê,Convencional,100
2999,11-jan.-24,2353,Produtor de Água Pipiripau,Granja do Ipê,Convencional,35
3000,01-fev.-24,2339,Programa Reflorestar (convencional),Granja do Ipê,Convencional,250
3001,12-jan.-24,2196,Programa Reflorestar (convencional),Granja do Ipê,Convencional,100
3002,12-jan.-24,2347,Produtor de Água Pipiripau,Granja do Ipê,Convencional,1500
3003,15-jan.-24,2358,Programa Reflorestar (convencional),Granja do Ipê,Convencional,500
3004,15-jan.-24,2354,Programa Reflorestar (convencional),Granja do Ipê,Convencional,500
3005,15-jan.-24,2355,Programa Reflorestar (convencional),Granja do Ipê,Convencional,500
3006,15-jan.-24,2347,Produtor de Água Pipiripau,Granja do Ipê,Convencional,1500
3007,17-jan.-24,2380,Produtor de Água Pipiripau,Granja do Ipê,Convencional,50
3008,17-jan.-24,2361,Produtor de Água Pipiripau,Granja do Ipê,Convencional,100
3009,17-jan.-24,2362,Produtor de Água Pipiripau,Granja do Ipê,Convencional,70
3010,17-jan.-24,2363,Produtor de Água Pipiripau,Granja do Ipê,Convencional,50
3011,17-jan.-24,2364,Produtor de Água Pipiripau,Granja do Ipê,Convencional,60
3012,17-jan.-24,2365,Produtor de Água Pipiripau,Granja do Ipê,Convencional,40
3013,17-jan.-24,2366,Produtor de Água Pipiripau,Granja do Ipê,Convencional,50
3015,17-jan.-24,2367,Produtor de Água Pipiripau,Granja do Ipê,Convencional,50
3016,17-jan.-24,2368,Produtor de Água Pipiripau,Granja do Ipê,Convencional,40
3017,18-jan.-24,232,Produtor de Água Pipiripau,Granja do Ipê,Convencional,1000
3018,17-jan.-24,2357,Programa Reflorestar (convencional),Granja do Ipê,Convencional,350
3019,18-jan.-24,2379,Produtor de Água Pipiripau,Granja do Ipê,Convencional,100
3020,18-jan.-24,399,Produtor de Água Pipiripau,Granja do Ipê,Convencional,15
3021,18-jan.-24,2378,Produtor de Água Pipiripau,Granja do Ipê,Convencional,65
3022,18-jan.-24,2377,Produtor de Água Pipiripau,Granja do Ipê,Convencional,50
3023,18-jan.-24,2376,Produtor de Água Pipiripau,Granja do Ipê,Convencional,50
3024,18-jan.-24,2375,Produtor de Água Pipiripau,Granja do Ipê,Convencional,50
3025,18-jan.-24,2374,Produtor de Água Pipiripau,Granja do Ipê,Convencional,50
3026,18-jan.-24,2373,Produtor de Água Pipiripau,Granja do Ipê,Convencional,50
3027,18-jan.-24,2372,Produtor de Água Pipiripau,Granja do Ipê,Convencional,65
3028,18-jan.-24,2371,Produtor de Água Pipiripau,Granja do Ipê,Convencional,50
3029,18-jan.-24,400,Produtor de Água Pipiripau,Granja do Ipê,Convencional,55
3030,19-jan.-24,241,Produtor de Água Pipiripau,Granja do Ipê,Convencional,500
3031,19-jan.-24,2381,Produtor de Água Pipiripau,Granja do Ipê,Convencional,150
3032,22-jan.-24,2358,Programa Reflorestar (convencional),Granja do Ipê,Convencional,450
3033,23-jan.-24,1517,Programa Reflorestar (convencional),Granja do Ipê,Convencional,110
3034,22-jan.-24,2272,Programa Reflorestar (convencional),Granja do Ipê,Convencional,250
3035,24-jan.-24,240,Produtor de Água Pipiripau,Granja do Ipê,Convencional,320
3036,24-jan.-24,2388,Produtor de Água Pipiripau,Granja do Ipê,Convencional,50
3037,22-jan.-24,2340,Programa Reflorestar (convencional),Granja do Ipê,Convencional,110
3039,24-jan.-24,2331,Programa Reflorestar (convencional),Granja do Ipê,Convencional,250
3040,24-jan.-24,2346,Programa Reflorestar (convencional),Granja do Ipê,Convencional,250
3041,23-jan.-24,2270,Programa Reflorestar (convencional),Granja do Ipê,Convencional,25
3042,25-jan.-24,1517,Programa Reflorestar (convencional),Granja do Ipê,Convencional,110
3043,01-fev.-24,2312,Programa Reflorestar (convencional),Granja do Ipê,Convencional,300
3044,25-jan.-24,1312,Programa Reflorestar (convencional),Granja do Ipê,Convencional,150
3045,01-fev.-24,2392,Programa Reflorestar (convencional),Granja do Ipê,Convencional,30
3046,26-jan.-24,789,Programa Reflorestar (convencional),Granja do Ipê,Convencional,300
3047,30-jan.-24,2387,Programa Reflorestar (convencional),Granja do Ipê,Convencional,250
3048,30-jan.-24,2197,Programa Reflorestar (convencional),Granja do Ipê,Convencional,110
3049,30-jan.-24,2288,Programa Reflorestar (convencional),Granja do Ipê,Convencional,219
3050,30-jan.-24,2393,Programa Reflorestar (convencional),Granja do Ipê,Convencional,214
3051,30-jan.-24,1466,Programa Reflorestar (convencional),Granja do Ipê,Convencional,110
3052,31-jan.-24,2231,Programa Reflorestar (convencional),Granja do Ipê,Convencional,1000
3053,02-fev.-24,1093,Programa Reflorestar (convencional),Granja do Ipê,Convencional,250
3054,02-fev.-24,2317,Programa Reflorestar (convencional),Granja do Ipê,Convencional,250
3055,08-fev.-24,1093,Programa Reflorestar (convencional),Granja do Ipê,Convencional,300
3056,07-fev.-24,1426,Programa Reflorestar (convencional),Granja do Ipê,Convencional,260
3057,06-fev.-24,1953,Produtor de Água Pipiripau,Granja do Ipê,Convencional,450
3059,06-fev.-24,2397,Produtor de Água Pipiripau,Granja do Ipê,Convencional,30
3060,08-fev.-24,2339,Programa Reflorestar (convencional),Granja do Ipê,Convencional,250
3061,09-fev.-24,2398,Programa Reflorestar (convencional),Granja do Ipê,Convencional,120
3062,15-fev.-24,2391,Programa Reflorestar (convencional),Granja do Ipê,Convencional,200
3063,15-fev.-24,241,Programa Reflorestar (convencional),Granja do Ipê,Convencional,287
3064,15-fev.-24,2303,Programa Reflorestar (convencional),Granja do Ipê,Convencional,200
3065,20-fev.-24,2342,Programa Reflorestar (convencional),Granja do Ipê,Convencional,300
3066,16-fev.-24,2402,Programa Reflorestar (convencional),Granja do Ipê,Convencional,200
3068,19-fev.-24,2404,Programa Reflorestar (convencional),Granja do Ipê,Convencional,610
3069,20-fev.-24,2385,Programa Reflorestar (convencional),Granja do Ipê,Convencional,100
3070,21-fev.-24,2356,Programa Reflorestar (convencional),Granja do Ipê,Convencional,200
3071,01-mar.-24,2044,Programa Reflorestar (convencional),Granja do Ipê,Convencional,50
3072,20-fev.-24,2401,Programa Reflorestar (convencional),Granja do Ipê,Convencional,250
3074,22-fev.-24,2405,Programa Reflorestar (convencional),Granja do Ipê,Convencional,36
3075,22-fev.-24,2292,Programa Reflorestar (convencional),Granja do Ipê,Convencional,201
3076,23-fev.-24,2171,Programa Reflorestar (convencional),Granja do Ipê,Convencional,200
3077,23-fev.-24,1680,Programa Reflorestar (convencional),Granja do Ipê,Convencional,500
3078,27-fev.-24,2399,Programa Reflorestar (convencional),Granja do Ipê,Convencional,300
3079,04-mar.-24,2261,Programa Reflorestar (convencional),Granja do Ipê,Convencional,30
3080,05-mar.-24,1673,Programa Reflorestar (convencional),Granja do Ipê,Convencional,500
3081,05-mar.-24,2062,Programa Reflorestar (convencional),Granja do Ipê,Convencional,250
3082,08-mar.-24,2408,Programa Reflorestar (convencional),Granja do Ipê,Convencional,110
3083,08-mar.-24,2410,Programa Reflorestar (convencional),Granja do Ipê,Convencional,100
3084,14-mar.-24,2304,Programa Reflorestar (convencional),Granja do Ipê,Convencional,72
3085,15-mar.-24,2060,Programa Reflorestar (convencional),Granja do Ipê,Convencional,110
3086,15-mar.-24,2413,Programa Reflorestar (convencional),Granja do Ipê,Eventos,45
3087,19-mar.-24,302,Programa Reflorestar (convencional),Granja do Ipê,Convencional,250
3088,21-mar.-24,2231,Programa Reflorestar (convencional),Granja do Ipê,Convencional,800
3089,22-mar.-24,2231,Programa Reflorestar (convencional),Granja do Ipê,Convencional,1600
3090,26-mar.-24,2409,Programa Reflorestar (convencional),Granja do Ipê,Educação Ambiental,100
3091,26-mar.-24,2250,Programa Reflorestar (convencional),Granja do Ipê,Convencional,40
3092,27-mar.-24,2231,Programa Reflorestar (convencional),Granja do Ipê,Convencional,275
3093,02-abr.-24,2416,Programa Reflorestar (convencional),Granja do Ipê,Convencional,20
3094,05-abr.-24,2417,Programa Reflorestar (convencional),Granja do Ipê,Convencional,250
3095,10-abr.-24,2330,Programa Reflorestar (convencional),Granja do Ipê,Convencional,40
3096,10-abr.-24,2418,Programa Reflorestar (convencional),Granja do Ipê,Educação Ambiental,100
3097,11-abr.-24,2419,Programa Reflorestar (convencional),Granja do Ipê,Educação Ambiental,40
3098,10-abr.-24,2091,Programa Reflorestar (convencional),Granja do Ipê,Educação Ambiental,100
3099,17-abr.-24,2422,Programa Reflorestar (convencional),Granja do Ipê,Convencional,50
3100,26-abr.-24,2422,Programa Reflorestar (convencional),Granja do Ipê,Convencional,200
3101,26-abr.-24,2424,Programa Reflorestar (convencional),Granja do Ipê,Educação Ambiental,30
3102,03-mai.-24,2423,Programa Reflorestar (convencional),Granja do Ipê,Convencional,56
3103,09-mai.-24,2426,Programa Reflorestar (convencional),Granja do Ipê,Educação Ambiental,20
3104,10-mai.-24,2425,Programa Reflorestar (convencional),Granja do Ipê,Convencional,33
3105,15-mai.-24,2427,Programa Reflorestar (convencional),Granja do Ipê,Educação Ambiental,25
3106,14-mai.-24,1745,Programa Reflorestar (convencional),Granja do Ipê,Educação Ambiental,15
3107,15-mai.-24,2428,Programa Reflorestar (convencional),Granja do Ipê,Educação Ambiental,40
3108,16-mai.-24,2429,Programa Reflorestar (convencional),Granja do Ipê,Educação Ambiental,100
3109,17-mai.-24,2430,Programa Reflorestar (convencional),Granja do Ipê,Educação Ambiental,30
3110,21-mai.-24,2325,Programa Reflorestar (convencional),Granja do Ipê,Convencional,200
3111,22-mai.-24,2431,Programa Reflorestar (convencional),Granja do Ipê,Educação Ambiental,20
3112,27-mai.-24,2393,Programa Reflorestar (convencional),Granja do Ipê,Educação Ambiental,400
3113,29-mai.-24,2432,Programa Reflorestar (convencional),Granja do Ipê,Educação Ambiental,
3114,29-mai.-24,2432,Programa Reflorestar (convencional),Granja do Ipê,Educação Ambiental,
3116,29-mai.-24,2432,Programa Reflorestar (convencional),Granja do Ipê,Educação Ambiental,50
3117,04-jun.-24,2437,Programa Reflorestar (convencional),Granja do Ipê,Eventos,
3118,05-jun.-24,1980,Programa Reflorestar (convencional),Granja do Ipê,Convencional,50
3119,05-jun.-24,2436,Programa Reflorestar (convencional),Granja do Ipê,Educação Ambiental,50
3120,10-jun.-24,2442,Programa Reflorestar (convencional),Granja do Ipê,Convencional,10
3121,14-jun.-24,2443,Programa Reflorestar (convencional),Granja do Ipê,Educação Ambiental,150
3122,25-jun.-24,2445,Programa Reflorestar (convencional),Granja do Ipê,Convencional,170
3123,27-jun.-24,2446,Programa Reflorestar (convencional),Granja do Ipê,Educação Ambiental,70
3124,05-jul.-24,2434,Programa Reflorestar (convencional),Granja do Ipê,Educação Ambiental,110
3125,05-jul.-24,2449,Programa Reflorestar (convencional),Granja do Ipê,Educação Ambiental,100